idx,date,open,high,low,close,volume,dividends,stock_splits
1,2021-04-15,70.0,71.5100021362,63.0,65.1999969482,11444400,0.0,0.0
2,2021-04-16,65.0,65.1999969482,58.6500015259,61.0,4199300,0.0,0.0
3,2021-04-19,60.0,61.0,55.7050018311,58.8600006104,4642500,0.0,0.0
4,2021-04-20,60.0400009155,61.9000015259,58.9900016785,60.1500015259,3055500,0.0,0.0
5,2021-04-21,60.4900016785,62.2099990845,56.5260009766,61.8100013733,3607100,0.0,0.0
6,2021-04-22,61.9500007629,62.9500007629,60.5099983215,62.0999984741,844900,0.0,0.0
7,2021-04-23,62.0999984741,62.9399986267,58.4500007629,58.5,1229600,0.0,0.0
8,2021-04-26,58.7700004578,59.8100013733,57.6500015259,59.7999992371,796200,0.0,0.0
9,2021-04-27,60.0,61.1100006104,58.7099990845,58.8499984741,630200,0.0,0.0
10,2021-04-28,58.4199981689,60.0419998169,58.0699996948,58.75,309600,0.0,0.0
11,2021-04-29,59.0,59.8250007629,58.8199996948,59.1699981689,292900,0.0,0.0
12,2021-04-30,59.4099998474,59.5600013733,57.8050003052,58.0099983215,284000,0.0,0.0
13,2021-05-03,58.5299987793,60.4099998474,58.5299987793,60.0600013733,516100,0.0,0.0
14,2021-05-04,59.7799987793,60.0,57.8199996948,58.5499992371,879100,0.0,0.0
15,2021-05-05,58.7700004578,59.2900009155,57.5099983215,58.1800003052,645100,0.0,0.0
16,2021-05-06,57.9799995422,57.9799995422,54.7200012207,56.9300003052,1329400,0.0,0.0
17,2021-05-07,57.7299995422,57.9500007629,55.7599983215,57.2599983215,552600,0.0,0.0
18,2021-05-10,59.2099990845,59.2099990845,54.4700012207,55.5,1348300,0.0,0.0
19,2021-05-11,54.4300003052,54.9500007629,50.75,53.4599990845,1483400,0.0,0.0
20,2021-05-12,52.5699996948,53.4399986267,49.6599998474,52.25,1351200,0.0,0.0
21,2021-05-13,52.3100013733,54.8899993896,49.4099998474,49.8699989319,1645400,0.0,0.0
22,2021-05-14,50.2400016785,57.8199996948,50.0099983215,57.2599983215,1198900,0.0,0.0
23,2021-05-17,56.1699981689,62.8699989319,55.8250007629,62.4399986267,1033400,0.0,0.0
24,2021-05-18,62.0099983215,65.8899993896,61.9109992981,64.2900009155,1122100,0.0,0.0
25,2021-05-19,62.4599990845,65.2699966431,61.5400009155,64.6100006104,603700,0.0,0.0
26,2021-05-20,66.3000030518,68.5500030518,66.3000030518,67.9000015259,964200,0.0,0.0
27,2021-05-21,69.0,70.1699981689,65.8799972534,68.3499984741,880300,0.0,0.0
28,2021-05-24,68.4199981689,70.7300033569,66.5199966431,70.3099975586,834000,0.0,0.0
29,2021-05-25,70.0100021362,72.53099823,67.5899963379,69.9499969482,1028600,0.0,0.0
30,2021-05-26,69.3399963379,69.9800033569,67.5400009155,68.6200027466,529400,0.0,0.0
31,2021-05-27,68.8700027466,71.9079971313,67.0899963379,69.6800003052,1112500,0.0,0.0
32,2021-05-28,69.8499984741,75.1800003052,69.0,74.3099975586,864500,0.0,0.0
33,2021-06-02,68.8600006104,72.0299987793,68.5149993896,70.0899963379,499400,0.0,0.0
34,2021-06-03,69.2399978638,72.0999984741,69.0599975586,70.4700012207,352900,0.0,0.0
35,2021-06-04,69.9899978638,74.6100006104,69.9899978638,74.3600006104,524500,0.0,0.0
36,2021-06-07,74.1999969482,77.4649963379,72.2200012207,77.25,661900,0.0,0.0
37,2021-06-08,77.1699981689,80.1490020752,77.1699981689,79.4700012207,941700,0.0,0.0
38,2021-06-09,79.4800033569,81.8000030518,78.4300003052,80.25,863700,0.0,0.0
39,2021-06-10,80.1800003052,82.1399993896,79.1669998169,81.8600006104,1161100,0.0,0.0
40,2021-06-11,82.0,82.5100021362,79.7900009155,82.4199981689,1144600,0.0,0.0
41,2021-06-14,82.5,84.4599990845,81.1800003052,81.8899993896,869900,0.0,0.0
42,2021-06-15,81.5100021362,82.9599990845,80.2959976196,81.6500015259,588700,0.0,0.0
43,2021-06-16,81.0299987793,86.7699966431,81.0299987793,85.8099975586,1455100,0.0,0.0
44,2021-06-17,86.0319976807,88.4800033569,85.25,88.2200012207,1375300,0.0,0.0
45,2021-06-18,87.4400024414,90.0299987793,87.3000030518,88.2099990845,2514200,0.0,0.0
46,2021-06-21,88.0,88.0,83.2799987793,83.9100036621,620500,0.0,0.0
47,2021-06-22,84.1100006104,84.5999984741,77.5899963379,80.3000030518,1214600,0.0,0.0
48,2021-06-23,80.1500015259,82.8700027466,80.1500015259,81.4899978638,388300,0.0,0.0
49,2021-06-24,85.9100036621,87.1600036621,83.9199981689,84.5,754500,0.0,0.0
50,2021-06-25,84.7600021362,85.4899978638,82.75,84.8600006104,537600,0.0,0.0
51,2021-06-28,85.3099975586,86.4599990845,81.0699996948,82.1200027466,810400,0.0,0.0
52,2021-06-29,81.7300033569,84.9000015259,81.1999969482,83.3199996948,635400,0.0,0.0
53,2021-06-30,78.3710021973,79.0,73.9400024414,75.1699981689,2206100,0.0,0.0
54,2021-07-02,70.9800033569,72.5849990845,70.5299987793,72.0699996948,669600,0.0,0.0
55,2021-07-06,72.0199966431,72.1500015259,68.0,68.0599975586,1394800,0.0,0.0
56,2021-07-07,68.0599975586,68.7050018311,65.3600006104,66.2799987793,941900,0.0,0.0
57,2021-07-08,65.0100021362,66.9800033569,63.9500007629,65.8799972534,624100,0.0,0.0
58,2021-07-09,65.7600021362,66.4100036621,65.0449981689,66.1800003052,321600,0.0,0.0
59,2021-07-12,66.5500030518,67.5199966431,65.7600021362,67.1999969482,395400,0.0,0.0
60,2021-07-13,66.8899993896,69.6699981689,66.2300033569,68.9800033569,779800,0.0,0.0
61,2021-07-14,68.9100036621,69.5899963379,64.6299972534,65.1600036621,541900,0.0,0.0
62,2021-07-15,65.0500030518,66.375,60.9150009155,63.4300003052,927800,0.0,0.0
63,2021-07-16,63.5800018311,63.5800018311,59.4300003052,60.75,695700,0.0,0.0
64,2021-07-19,59.9799995422,61.2999992371,58.1500015259,60.5099983215,719500,0.0,0.0
65,2021-07-20,60.4300003052,61.1500015259,59.0400009155,60.8499984741,550900,0.0,0.0
66,2021-07-21,61.3300018311,61.5099983215,59.1500015259,59.8300018311,666900,0.0,0.0
67,2021-07-22,60.0,62.7000007629,59.4500007629,62.6899986267,872100,0.0,0.0
68,2021-07-23,62.7200012207,64.8460006714,61.75,63.3499984741,479800,0.0,0.0
69,2021-07-26,63.5,65.6299972534,62.0600013733,62.5699996948,487100,0.0,0.0
70,2021-07-27,62.3800010681,62.9620018005,60.0,62.6500015259,485600,0.0,0.0
71,2021-07-28,62.5099983215,65.3000030518,62.1800003052,65.2099990845,581300,0.0,0.0
72,2021-07-29,65.2900009155,66.388999939,64.4000015259,65.2200012207,409500,0.0,0.0
73,2021-07-30,64.4499969482,65.3300018311,61.0099983215,61.4700012207,405300,0.0,0.0
74,2021-08-02,62.0200004578,64.1399993896,60.5,63.2299995422,308400,0.0,0.0
75,2021-08-03,63.5800018311,63.7099990845,60.5499992371,62.8899993896,352600,0.0,0.0
76,2021-08-04,63.0200004578,64.3600006104,62.75,63.1800003052,354100,0.0,0.0
77,2021-08-05,62.8600006104,64.0100021362,61.7400016785,63.25,345300,0.0,0.0
78,2021-08-06,62.8499984741,62.8800010681,56.5800018311,58.6500015259,1465000,0.0,0.0
79,2021-08-09,59.3400001526,60.0,57.5299987793,57.5699996948,449500,0.0,0.0
80,2021-08-10,58.2400016785,58.7999992371,56.2099990845,57.1899986267,581800,0.0,0.0
81,2021-08-11,58.1599998474,62.0499992371,57.9099998474,58.5,1396700,0.0,0.0
82,2021-08-12,61.1599998474,63.4500007629,55.3400001526,56.9599990845,2481200,0.0,0.0
83,2021-08-13,56.4500007629,57.0999984741,55.4900016785,56.4599990845,1057100,0.0,0.0
84,2021-08-16,56.3699989319,56.3699989319,54.6199989319,55.8800010681,740400,0.0,0.0
85,2021-08-17,57.9900016785,63.4500007629,56.2700004578,62.5699996948,2469700,0.0,0.0
86,2021-08-18,63.0600013733,65.4800033569,60.3100013733,63.7700004578,1343600,0.0,0.0
87,2021-08-19,64.0,67.1200027466,63.5,67.0999984741,1765600,0.0,0.0
88,2021-08-20,66.5,70.3300018311,66.5,69.9700012207,1474900,0.0,0.0
89,2021-08-23,70.5699996948,72.0,68.7300033569,71.5599975586,1117700,0.0,0.0
90,2021-08-24,72.0,74.5599975586,69.4800033569,74.5,1181700,0.0,0.0
91,2021-08-25,74.3000030518,76.6200027466,72.7799987793,76.5999984741,985600,0.0,0.0
92,2021-08-26,75.5199966431,77.0250015259,71.7279968262,73.5699996948,1287300,0.0,0.0
93,2021-08-27,72.9940032959,75.1100006104,72.3000030518,74.1999969482,811000,0.0,0.0
94,2021-08-30,74.2799987793,74.608001709,71.3399963379,73.3000030518,972900,0.0,0.0
95,2021-08-31,73.9499969482,73.9499969482,69.3399963379,70.4000015259,1304000,0.0,0.0
96,2021-09-02,74.3899993896,79.5299987793,74.3899993896,78.4499969482,1898200,0.0,0.0
97,2021-09-03,78.3199996948,79.6699981689,77.2300033569,77.9800033569,1116700,0.0,0.0
98,2021-09-07,77.5699996948,77.5999984741,73.5199966431,74.0400009155,1117800,0.0,0.0
99,2021-09-08,73.3000030518,73.3000030518,67.9100036621,68.0,2050600,0.0,0.0
100,2021-09-09,69.7900009155,71.7699966431,68.4300003052,71.0899963379,1428500,0.0,0.0
101,2021-09-10,71.1500015259,80.2200012207,69.1200027466,77.3799972534,3303400,0.0,0.0
102,2021-09-13,77.5599975586,77.7399978638,71.0999984741,74.9599990845,1490100,0.0,0.0
103,2021-09-14,74.8000030518,76.9000015259,74.1009979248,75.6299972534,1875600,0.0,0.0
104,2021-09-15,75.2699966431,77.5299987793,72.2099990845,73.5699996948,1081100,0.0,0.0
105,2021-09-16,73.4000015259,73.5859985352,70.2399978638,71.6200027466,861100,0.0,0.0
106,2021-09-17,71.8899993896,73.1750030518,70.5299987793,72.75,1636900,0.0,0.0
107,2021-09-20,70.5899963379,73.9599990845,69.3399963379,70.3399963379,843600,0.0,0.0
108,2021-09-21,70.4700012207,74.3899993896,70.1399993896,74.0899963379,632000,0.0,0.0
109,2021-09-22,74.0899963379,75.7399978638,72.8899993896,73.0800018311,1003600,0.0,0.0
110,2021-09-23,76.0,79.8899993896,75.6399993896,77.8499984741,1300100,0.0,0.0
111,2021-09-24,77.7200012207,80.75,77.25,79.4700012207,1547100,0.0,0.0
112,2021-09-27,79.4300003052,79.4300003052,75.3000030518,76.6999969482,824600,0.0,0.0
113,2021-09-28,74.3799972534,76.0,72.4000015259,72.7099990845,805000,0.0,0.0
114,2021-09-29,73.3600006104,76.1999969482,72.9300003052,74.1600036621,1172400,0.0,0.0
115,2021-09-30,74.6100006104,74.8000030518,72.1800003052,72.3700027466,806200,0.0,0.0
116,2021-10-04,74.4000015259,74.4000015259,71.2099990845,71.8799972534,539000,0.0,0.0
117,2021-10-05,71.8300018311,74.8099975586,71.8300018311,73.75,932500,0.0,0.0
118,2021-10-06,73.0,77.2399978638,72.4899978638,77.0,838200,0.0,0.0
119,2021-10-07,82.6299972534,85.0,80.0500030518,84.9400024414,5279400,0.0,0.0
120,2021-10-08,84.5800018311,87.0599975586,83.3099975586,86.3399963379,1880500,0.0,0.0
121,2021-10-11,85.1900024414,88.1699981689,84.3399963379,87.4100036621,1362600,0.0,0.0
122,2021-10-12,88.9000015259,89.5,86.0599975586,87.1800003052,1465300,0.0,0.0
123,2021-10-13,87.3399963379,88.9499969482,87.3000030518,88.0100021362,1198100,0.0,0.0
124,2021-10-14,88.5999984741,90.8700027466,87.8499984741,90.7900009155,1604600,0.0,0.0
125,2021-10-15,91.1500015259,92.6500015259,89.5999984741,91.8399963379,1507200,0.0,0.0
126,2021-10-18,91.9000015259,94.0500030518,91.7900009155,92.2099990845,967100,0.0,0.0
127,2021-10-19,94.0400009155,96.8499984741,93.0500030518,95.6600036621,1812300,0.0,0.0
128,2021-10-20,96.3099975586,98.5999984741,92.6900024414,93.3300018311,2282900,0.0,0.0
129,2021-10-21,93.1500015259,96.4400024414,92.5299987793,96.3000030518,3229800,0.0,0.0
130,2021-10-22,95.75,98.2300033569,93.5699996948,94.25,2283700,0.0,0.0
131,2021-10-25,90.0,96.8050003052,89.4599990845,93.5599975586,2371600,0.0,0.0
132,2021-10-26,93.0,96.3700027466,92.8799972534,94.0100021362,1731100,0.0,0.0
133,2021-10-27,95.2399978638,98.75,94.8099975586,94.9199981689,1565100,0.0,0.0
134,2021-10-28,95.0199966431,100.5,94.4000015259,97.9000015259,1548400,0.0,0.0
135,2021-10-29,97.25,99.3249969482,97.0999984741,98.25,1049300,0.0,0.0
136,2021-11-02,99.7900009155,100.9950027466,98.2900009155,98.75,1056500,0.0,0.0
137,2021-11-03,98.6699981689,100.7300033569,97.3499984741,98.3600006104,1402800,0.0,0.0
138,2021-11-04,98.5800018311,100.9599990845,97.9100036621,98.5500030518,1368600,0.0,0.0
139,2021-11-05,98.8399963379,100.6449966431,97.1900024414,98.4700012207,1148000,0.0,0.0
140,2021-11-08,98.6500015259,100.4899978638,98.3399963379,99.6399993896,1505600,0.0,0.0
141,2021-11-09,100.6999969482,104.6699981689,99.3600006104,103.5699996948,2133800,0.0,0.0
142,2021-11-10,98.4899978638,100.4599990845,94.6900024414,95.7300033569,3236700,0.0,0.0
143,2021-11-11,103.6979980469,116.0899963379,103.4000015259,114.8499984741,7535600,0.0,0.0
144,2021-11-12,114.8499984741,116.0,109.6949996948,112.3600006104,3047000,0.0,0.0
145,2021-11-15,113.0,113.5500030518,101.5400009155,102.7699966431,2609400,0.0,0.0
146,2021-11-16,102.0,109.1900024414,98.0,109.0299987793,3102200,0.0,0.0
147,2021-11-17,109.0100021362,109.7200012207,103.1299972534,105.4199981689,1505300,0.0,0.0
148,2021-11-18,102.0,102.8000030518,96.8099975586,99.6399993896,2282300,0.0,0.0
149,2021-11-19,99.8600006104,101.0,98.9000015259,99.7699966431,1171700,0.0,0.0
150,2021-11-22,100.0100021362,100.0100021362,91.7300033569,95.5,2429400,0.0,0.0
151,2021-11-23,93.9800033569,97.9499969482,91.3899993896,92.9300003052,1473800,0.0,0.0
152,2021-11-24,92.8499984741,96.2300033569,90.9800033569,94.3199996948,863900,0.0,0.0
153,2021-11-26,92.0,94.0800018311,89.1999969482,90.7099990845,931200,0.0,0.0
154,2021-11-29,91.1399993896,92.6200027466,88.9400024414,90.2600021362,1368700,0.0,0.0
155,2021-11-30,90.2600021362,91.8600006104,88.8300018311,91.1100006104,1289800,0.0,0.0
156,2021-12-02,85.3700027466,90.5100021362,85.0149993896,90.3199996948,1222900,0.0,0.0
157,2021-12-03,85.0,96.1900024414,81.4499969482,93.5299987793,29157000,0.0,0.0
158,2021-12-06,93.3399963379,94.3099975586,86.3700027466,89.8199996948,3513100,0.0,0.0
159,2021-12-07,91.1399993896,96.6900024414,89.8199996948,96.4700012207,2749200,0.0,0.0
160,2021-12-08,97.1600036621,98.5800018311,93.4700012207,96.0599975586,1504500,0.0,0.0
161,2021-12-09,96.0,99.2949981689,90.0500030518,90.7799987793,1437600,0.0,0.0
162,2021-12-10,92.1800003052,93.6989974976,89.4800033569,90.6699981689,821800,0.0,0.0
163,2021-12-13,90.6999969482,92.5189971924,88.1399993896,88.8499984741,1032400,0.0,0.0
164,2021-12-14,90.4800033569,90.4800033569,85.9100036621,87.5299987793,1833400,0.0,0.0
165,2021-12-15,86.9800033569,89.1200027466,84.9300003052,88.5599975586,1066300,0.0,0.0
166,2021-12-16,89.9169998169,90.9800033569,82.5699996948,83.75,1345700,0.0,0.0
167,2021-12-17,82.0,88.5800018311,81.0500030518,88.1299972534,2262400,0.0,0.0
168,2021-12-20,86.2600021362,89.6800003052,86.0100021362,87.3600006104,953200,0.0,0.0
169,2021-12-21,88.5699996948,91.4550018311,87.4700012207,91.1500015259,928500,0.0,0.0
170,2021-12-22,91.0699996948,93.9800033569,89.5,93.8300018311,1047300,0.0,0.0
171,2021-12-23,94.0,95.0,90.3150024414,93.8000030518,521400,0.0,0.0
172,2021-12-27,94.2399978638,96.9800033569,93.3300018311,95.8099975586,1036400,0.0,0.0
173,2021-12-28,95.2799987793,96.7699966431,92.7099990845,93.1900024414,499000,0.0,0.0
174,2021-12-29,92.7300033569,93.0599975586,88.6800003052,91.2799987793,388800,0.0,0.0
175,2021-12-30,90.6699981689,95.4649963379,90.5299987793,93.9899978638,733300,0.0,0.0
176,2021-12-31,94.4899978638,95.8000030518,93.9100036621,94.2600021362,517300,0.0,0.0
177,2022-01-03,95.0,98.1399993896,92.5199966431,94.3799972534,531400,0.0,0.0
178,2022-01-04,94.3799972534,95.3099975586,88.2699966431,88.6100006104,1727200,0.0,0.0
179,2022-01-05,86.8799972534,87.3000030518,80.8000030518,82.0299987793,2234300,0.0,0.0
180,2022-01-06,80.75,84.6500015259,79.6399993896,82.1500015259,1028800,0.0,0.0
181,2022-01-07,81.8000030518,83.8990020752,80.1900024414,80.4499969482,509400,0.0,0.0
182,2022-01-10,80.3700027466,82.9499969482,75.6999969482,82.9400024414,959700,0.0,0.0
183,2022-01-11,82.3600006104,85.9700012207,81.1360015869,84.0,741600,0.0,0.0
184,2022-01-12,85.25,85.9800033569,82.75,84.3300018311,455700,0.0,0.0
185,2022-01-13,85.1200027466,85.75,79.4599990845,79.5500030518,772600,0.0,0.0
186,2022-01-14,78.4899978638,79.8000030518,75.9100036621,79.0100021362,1092600,0.0,0.0
187,2022-01-18,77.2539978027,77.75,72.2200012207,72.4400024414,1712900,0.0,0.0
188,2022-01-19,72.9800033569,73.6999969482,69.8399963379,70.1200027466,2064300,0.0,0.0
189,2022-01-20,71.0,74.9899978638,70.8700027466,70.9000015259,1311100,0.0,0.0
190,2022-01-21,70.0599975586,71.3960037231,68.2549972534,68.4899978638,1518300,0.0,0.0
191,2022-01-24,67.1699981689,69.8099975586,60.5,69.5400009155,2199000,0.0,0.0
192,2022-01-25,67.7300033569,70.9199981689,63.8499984741,64.5800018311,1835900,0.0,0.0
193,2022-01-26,66.7399978638,68.3899993896,62.25,63.0299987793,2719200,0.0,0.0
194,2022-01-27,64.6299972534,64.6299972534,59.5999984741,59.7799987793,1281200,0.0,0.0
195,2022-01-28,59.1199989319,61.2299995422,57.0,60.8899993896,2239800,0.0,0.0
196,2022-01-31,61.8199996948,64.5699996948,61.0400009155,64.4199981689,1270900,0.0,0.0
197,2022-02-02,67.8199996948,69.0299987793,64.8499984741,65.2200012207,1401500,0.0,0.0
198,2022-02-03,63.0299987793,64.1900024414,60.9799995422,61.3100013733,1594700,0.0,0.0
199,2022-02-04,61.8699989319,69.5400009155,61.6749992371,68.9000015259,2067500,0.0,0.0
200,2022-02-07,68.3600006104,72.2300033569,67.5,68.4199981689,1406100,0.0,0.0
201,2022-02-08,67.8300018311,71.4700012207,66.5,70.8099975586,1162500,0.0,0.0
202,2022-02-09,72.1500015259,75.9800033569,72.1500015259,74.75,1447100,0.0,0.0
203,2022-02-10,72.8399963379,76.1200027466,71.9199981689,72.2300033569,1478300,0.0,0.0
204,2022-02-11,72.1999969482,74.3199996948,69.7350006104,70.3099975586,719300,0.0,0.0
205,2022-02-14,69.7300033569,72.6800003052,68.1100006104,70.9599990845,1100500,0.0,0.0
206,2022-02-15,72.8000030518,76.3799972534,72.5350036621,75.5100021362,2006400,0.0,0.0
207,2022-02-16,73.9100036621,75.9700012207,67.8499984741,68.7099990845,3766500,0.0,0.0
208,2022-02-17,55.7900009155,66.1159973145,54.0999984741,64.1299972534,9499400,0.0,0.0
209,2022-02-18,63.0699996948,66.6100006104,63.0099983215,63.7700004578,2595100,0.0,0.0
210,2022-02-22,61.7999992371,62.263999939,56.7799987793,57.3300018311,2755000,0.0,0.0
211,2022-02-23,58.0,58.5999984741,55.5400009155,56.2799987793,1422100,0.0,0.0
212,2022-02-24,53.8300018311,57.2000007629,52.8450012207,57.1100006104,1673400,0.0,0.0
213,2022-02-25,57.5,58.0,54.3050003052,57.2000007629,1494800,0.0,0.0
214,2022-02-28,56.6899986267,58.2799987793,55.4620018005,58.0800018311,1905100,0.0,0.0
215,2022-03-02,60.4799995422,60.4799995422,57.3300018311,57.8499984741,1326000,0.0,0.0
216,2022-03-03,58.4300003052,58.8199996948,54.6699981689,55.1399993896,1413900,0.0,0.0
217,2022-03-04,54.5900001526,54.9700012207,49.6300010681,50.2599983215,2603600,0.0,0.0
218,2022-03-07,50.2700004578,50.2700004578,44.8450012207,47.3300018311,3545100,0.0,0.0
219,2022-03-08,48.3699989319,48.3699989319,44.3699989319,45.7400016785,3038600,0.0,0.0
220,2022-03-09,47.7200012207,49.1899986267,46.8600006104,48.5400009155,1498300,0.0,0.0
221,2022-03-10,46.4199981689,46.8699989319,43.9700012207,46.4300003052,1615500,0.0,0.0
222,2022-03-11,47.5499992371,48.0200004578,44.4949989319,44.5499992371,1732100,0.0,0.0
223,2022-03-14,45.0999984741,47.2000007629,43.0800018311,44.0499992371,1611900,0.0,0.0
224,2022-03-15,44.5800018311,46.8300018311,43.5099983215,45.9599990845,2108600,0.0,0.0
225,2022-03-16,47.2099990845,50.2400016785,47.1300010681,49.9900016785,2566400,0.0,0.0
226,2022-03-17,49.8600006104,52.8800010681,49.2200012207,52.5099983215,2882000,0.0,0.0
227,2022-03-18,52.75,55.75,52.1100006104,54.4500007629,7024300,0.0,0.0
228,2022-03-21,53.5900001526,54.9399986267,52.5200004578,53.4000015259,2425900,0.0,0.0
229,2022-03-22,53.3699989319,55.8499984741,52.6899986267,55.25,2559200,0.0,0.0
230,2022-03-23,54.3400001526,56.797000885,53.5970001221,54.9000015259,736200,0.0,0.0
231,2022-03-24,55.75,56.4099998474,53.9000015259,55.2000007629,899400,0.0,0.0
232,2022-03-25,55.5999984741,55.7599983215,52.9000015259,53.4399986267,946300,0.0,0.0
233,2022-03-28,53.3300018311,53.8899993896,51.9000015259,53.4300003052,1012900,0.0,0.0
234,2022-03-29,54.8300018311,56.7000007629,54.4000015259,55.9799995422,1475300,0.0,0.0
235,2022-03-30,55.3899993896,56.6399993896,54.5800018311,55.3100013733,1001400,0.0,0.0
236,2022-03-31,55.4700012207,56.2700004578,54.7200012207,55.0699996948,1108500,0.0,0.0
237,2022-04-04,54.4199981689,58.2700004578,53.2000007629,57.7799987793,1199900,0.0,0.0
238,2022-04-05,57.2700004578,57.6199989319,54.3499984741,54.9799995422,833800,0.0,0.0
239,2022-04-06,53.2000007629,53.4799995422,51.2099990845,52.4399986267,744900,0.0,0.0
240,2022-04-07,51.5499992371,53.5349998474,50.6800003052,51.8800010681,1428500,0.0,0.0
241,2022-04-08,51.4799995422,52.2599983215,50.6650009155,51.2700004578,567400,0.0,0.0
242,2022-04-11,50.0299987793,51.9000015259,49.2599983215,49.9000015259,936600,0.0,0.0
243,2022-04-12,51.2999992371,52.7929992676,49.1500015259,49.5299987793,1199000,0.0,0.0
244,2022-04-13,49.1300010681,52.0929985046,48.5200004578,51.9599990845,1025000,0.0,0.0
245,2022-04-14,51.5900001526,51.6100006104,48.8600006104,48.9599990845,758800,0.0,0.0
246,2022-04-18,48.9000015259,48.9000015259,45.8199996948,46.7400016785,1962200,0.0,0.0
247,2022-04-19,46.8499984741,49.6599998474,46.5200004578,49.5900001526,1020200,0.0,0.0
248,2022-04-20,50.0,50.4700012207,44.9599990845,46.3400001526,2309000,0.0,0.0
249,2022-04-21,47.0,47.6199989319,43.0800018311,43.1199989319,1336100,0.0,0.0
250,2022-04-22,43.1800003052,43.2999992371,40.7799987793,41.2099990845,2140100,0.0,0.0
251,2022-04-25,40.8600006104,41.6599998474,40.6500015259,41.1399993896,2070100,0.0,0.0
252,2022-04-26,41.0699996948,41.1850013733,37.1300010681,38.5999984741,2451700,0.0,0.0
253,2022-04-27,37.9799995422,39.8600006104,36.5999984741,37.6800003052,1919800,0.0,0.0
254,2022-04-28,38.8400001526,40.5950012207,37.5600013733,39.1599998474,1864500,0.0,0.0
255,2022-04-29,38.9000015259,41.0699996948,38.0800018311,38.1500015259,1098700,0.0,0.0
256,2022-05-02,37.8800010681,39.7400016785,37.7249984741,39.5999984741,1249400,0.0,0.0
257,2022-05-03,39.2799987793,41.4099998474,38.8899993896,39.7700004578,1682200,0.0,0.0
258,2022-05-04,39.7400016785,40.4700012207,36.8100013733,40.3100013733,1501000,0.0,0.0
259,2022-05-05,39.6899986267,39.6899986267,35.8800010681,36.4799995422,1614300,0.0,0.0
260,2022-05-06,35.6399993896,35.9850006104,32.9949989319,33.5,2850900,0.0,0.0
261,2022-05-09,32.5999984741,33.1699981689,30.0200004578,30.2000007629,2959200,0.0,0.0
262,2022-05-10,31.3999996185,32.2000007629,27.0400009155,28.9899997711,4733600,0.0,0.0
263,2022-05-11,27.4699993134,29.8159999847,27.1499996185,27.2800006866,7500900,0.0,0.0
264,2022-05-12,32.1349983215,39.8600006104,31.6149997711,36.7400016785,15940600,0.0,0.0
265,2022-05-13,38.8199996948,43.25,38.5900001526,39.4599990845,5526300,0.0,0.0
266,2022-05-16,39.0600013733,39.7000007629,36.7799987793,37.3699989319,3267600,0.0,0.0
267,2022-05-17,38.8100013733,39.0,36.5099983215,38.0999984741,2169900,0.0,0.0
268,2022-05-18,37.1699981689,38.7999992371,36.3400001526,36.5,2671500,0.0,0.0
269,2022-05-19,36.1100006104,40.1500015259,36.0600013733,39.4099998474,3003600,0.0,0.0
270,2022-05-20,40.0200004578,42.3199996948,38.25,40.0299987793,3445600,0.0,0.0
271,2022-05-23,39.8800010681,40.6300010681,37.6300010681,37.9799995422,2341800,0.0,0.0
272,2022-05-24,35.4900016785,35.5,31.3999996185,33.1199989319,6328100,0.0,0.0
273,2022-05-25,32.8499984741,36.0699996948,32.4000015259,35.6899986267,3653800,0.0,0.0
274,2022-05-26,34.9099998474,38.2900009155,34.8650016785,36.4300003052,4684800,0.0,0.0
275,2022-05-27,37.2200012207,40.9710006714,37.2200012207,40.2900009155,3804200,0.0,0.0
276,2022-05-31,40.4700012207,41.4500007629,37.2599983215,38.1100006104,8734900,0.0,0.0
277,2022-06-02,38.0,41.7000007629,37.8600006104,40.9500007629,2685400,0.0,0.0
278,2022-06-03,39.9199981689,40.7400016785,39.1100006104,39.4300003052,1752100,0.0,0.0
279,2022-06-06,40.5999984741,44.0699996948,38.6599998474,42.5600013733,4532300,0.0,0.0
280,2022-06-07,42.0,44.3400001526,41.9500007629,43.5,2465700,0.0,0.0
281,2022-06-08,43.2099990845,44.7599983215,43.2099990845,43.75,2045600,0.0,0.0
282,2022-06-09,43.0400009155,43.9399986267,40.2000007629,40.2999992371,2632500,0.0,0.0
283,2022-06-10,39.0200004578,39.5,35.2099990845,36.1100006104,3995900,0.0,0.0
284,2022-06-13,34.1800003052,37.1599998474,32.6699981689,33.8300018311,3334100,0.0,0.0
285,2022-06-14,33.8800010681,34.2569999695,32.1300010681,32.3499984741,2956800,0.0,0.0
286,2022-06-15,32.8199996948,35.0200004578,32.8199996948,34.0699996948,2998200,0.0,0.0
287,2022-06-16,32.3300018311,32.9900016785,30.2299995422,30.6299991608,2979000,0.0,0.0
288,2022-06-17,30.6100006104,33.7799987793,30.6100006104,33.5,4636200,0.0,0.0
289,2022-06-21,34.5400009155,35.8699989319,34.3100013733,35.0400009155,2813100,0.0,0.0
290,2022-06-22,34.3499984741,36.5099983215,34.0,35.9599990845,2253200,0.0,0.0
291,2022-06-23,36.3499984741,38.3300018311,35.9700012207,38.1399993896,2342400,0.0,0.0
292,2022-06-24,38.7000007629,40.4700012207,38.4300003052,39.6300010681,16578600,0.0,0.0
293,2022-06-27,39.3699989319,40.0299987793,37.4099998474,38.3400001526,1732100,0.0,0.0
294,2022-06-28,37.8499984741,38.8050003052,35.6199989319,36.25,1914700,0.0,0.0
295,2022-06-29,36.0,36.7900009155,35.1199989319,35.5499992371,1745700,0.0,0.0
296,2022-06-30,35.5200004578,35.5400009155,33.0499992371,34.4399986267,3003700,0.0,0.0
297,2022-07-05,34.1100006104,35.4900016785,32.3600006104,35.3600006104,2996000,0.0,0.0
298,2022-07-06,35.4500007629,36.3699989319,34.6100006104,35.8800010681,1715400,0.0,0.0
299,2022-07-07,35.9000015259,37.7700004578,35.8800010681,37.6399993896,1654600,0.0,0.0
300,2022-07-08,36.4500007629,38.2599983215,36.0,37.3899993896,1547100,0.0,0.0
301,2022-07-11,36.8499984741,37.2299995422,34.3800010681,34.9300003052,1802300,0.0,0.0
302,2022-07-12,34.8899993896,36.0,33.9300003052,34.4000015259,1382200,0.0,0.0
303,2022-07-13,32.6399993896,33.5999984741,32.3450012207,32.9399986267,2479000,0.0,0.0
304,2022-07-14,32.8600006104,33.0,30.6310005188,30.8099994659,2646700,0.0,0.0
305,2022-07-15,31.4899997711,32.9500007629,30.6900005341,32.6199989319,1762400,0.0,0.0
306,2022-07-18,33.4199981689,35.3499984741,33.4199981689,34.3300018311,1994300,0.0,0.0
307,2022-07-19,35.4199981689,36.3300018311,34.0200004578,35.2000007629,2000200,0.0,0.0
308,2022-07-20,35.4300003052,38.7000007629,35.3199996948,37.5999984741,2818900,0.0,0.0
309,2022-07-21,37.3699989319,38.3300018311,36.8100013733,38.1199989319,1582000,0.0,0.0
310,2022-07-22,38.0,38.4900016785,35.5999984741,36.1599998474,2363100,0.0,0.0
311,2022-07-25,36.2900009155,36.6699981689,34.7099990845,35.1599998474,1148400,0.0,0.0
312,2022-07-26,34.5,34.7099990845,32.75,33.4000015259,1073100,0.0,0.0
313,2022-07-27,34.5099983215,35.6899986267,34.0900001526,35.3300018311,2733900,0.0,0.0
314,2022-07-28,35.1500015259,36.0,34.2200012207,35.3600006104,1755000,0.0,0.0
315,2022-07-29,35.8199996948,35.8199996948,34.0050010681,35.5400009155,1656100,0.0,0.0
316,2022-08-02,33.5200004578,34.8600006104,33.4700012207,34.4900016785,1587100,0.0,0.0
317,2022-08-03,34.25,36.1800003052,32.7099990845,35.8199996948,4755900,0.0,0.0
318,2022-08-04,35.9300003052,36.6290016174,35.6800003052,36.0,1857700,0.0,0.0
319,2022-08-05,35.1500015259,37.0999984741,34.7410011292,36.4599990845,2627500,0.0,0.0
320,2022-08-08,36.4700012207,40.5550003052,36.4700012207,40.1399993896,2689000,0.0,0.0
321,2022-08-09,35.0800018311,36.3600006104,33.5999984741,36.0099983215,9262200,0.0,0.0
322,2022-08-10,37.6500015259,40.5299987793,37.3100013733,40.4599990845,5187800,0.0,0.0
323,2022-08-11,38.2700004578,39.7799987793,34.3100013733,34.4599990845,8429900,0.0,0.0
324,2022-08-12,34.8800010681,36.6199989319,34.7599983215,36.3199996948,2653800,0.0,0.0
325,2022-08-15,35.5699996948,36.25,33.0099983215,33.5499992371,4256900,0.0,0.0
326,2022-08-16,33.5299987793,33.5299987793,31.2600002289,32.6300010681,4883600,0.0,0.0
327,2022-08-17,31.9500007629,32.1399993896,30.0699996948,30.1800003052,3407900,0.0,0.0
328,2022-08-18,30.0900001526,30.1900005341,28.6399993896,28.9699993134,3890400,0.0,0.0
329,2022-08-19,28.2399997711,28.3700008392,26.8199996948,26.9300003052,3871800,0.0,0.0
330,2022-08-22,25.9200000763,26.7099990845,25.4400005341,25.5499992371,2711000,0.0,0.0
331,2022-08-23,25.5699996948,26.5,25.5100002289,26.0400009155,2362300,0.0,0.0
332,2022-08-24,26.0100002289,27.1100006104,25.9150009155,26.3999996185,1796300,0.0,0.0
333,2022-08-25,26.6499996185,27.2099990845,25.9500007629,27.0699996948,1529500,0.0,0.0
334,2022-08-26,27.0,27.2189998627,25.6399993896,25.75,1786800,0.0,0.0
335,2022-08-29,25.2700004578,26.1200008392,24.8899993896,24.9400005341,1444300,0.0,0.0
336,2022-08-30,25.3600006104,25.5699996948,24.1700000763,24.4899997711,1366800,0.0,0.0
337,2022-08-31,24.3999996185,25.0900001526,24.3999996185,24.6299991608,1648200,0.0,0.0
338,2022-09-02,25.4799995422,25.7399997711,23.8799991608,24.0900001526,1834600,0.0,0.0
339,2022-09-06,24.1499996185,24.5949993134,23.5,24.5300006866,2309300,0.0,0.0
340,2022-09-07,24.4599990845,25.5249996185,24.3549995422,25.3600006104,1812900,0.0,0.0
341,2022-09-08,24.9500007629,26.1900005341,24.75,25.9400005341,1401900,0.0,0.0
342,2022-09-09,26.4300003052,27.8400001526,26.0949993134,27.7299995422,1836400,0.0,0.0
343,2022-09-12,28.0400009155,28.6599998474,27.7709999084,28.5100002289,2345800,0.0,0.0
344,2022-09-13,28.0200004578,28.0900001526,26.3700008392,26.6800003052,2576600,0.0,0.0
345,2022-09-14,26.5699996948,26.6200008392,24.4599990845,25.3400001526,3363400,0.0,0.0
346,2022-09-15,24.7700004578,26.1499996185,24.25,24.3899993896,3806000,0.0,0.0
347,2022-09-16,23.6100006104,23.7000007629,22.6399993896,23.1499996185,10604500,0.0,0.0
348,2022-09-19,22.7099990845,22.9799995422,22.2199993134,22.8199996948,1805700,0.0,0.0
349,2022-09-20,22.25,22.7099990845,21.7299995422,21.7800006866,1695800,0.0,0.0
350,2022-09-21,22.0100002289,22.2999992371,21.1100006104,21.1399993896,1688400,0.0,0.0
351,2022-09-22,21.0200004578,21.3400001526,19.8899993896,19.8999996185,2182800,0.0,0.0
352,2022-09-23,19.7099990845,20.4799995422,19.3400001526,20.2099990845,2533000,0.0,0.0
353,2022-09-26,20.1200008392,21.0900001526,19.75,20.3199996948,2326200,0.0,0.0
354,2022-09-27,21.0,21.3400001526,20.2199993134,20.3799991608,1831900,0.0,0.0
355,2022-09-28,20.4500007629,21.5499992371,20.3600006104,21.3700008392,1653900,0.0,0.0
356,2022-09-29,20.6100006104,20.7900009155,19.4699993134,19.6800003052,1712200,0.0,0.0
357,2022-09-30,19.4699993134,20.75,19.3500003815,19.4899997711,2235400,0.0,0.0
358,2022-10-03,19.6200008392,20.5200004578,19.1100006104,20.4200000763,2135000,0.0,0.0
359,2022-10-04,21.0400009155,21.7900009155,20.6200008392,21.2399997711,2654200,0.0,0.0
360,2022-10-05,20.5499992371,21.0300006866,20.2299995422,20.7600002289,1538400,0.0,0.0
361,2022-10-06,20.6700000763,21.1700000763,20.1700000763,20.5400009155,1235600,0.0,0.0
362,2022-10-07,19.8400001526,19.8700008392,18.5979995728,19.2199993134,1895900,0.0,0.0
363,2022-10-10,19.4200000763,19.5760002136,18.4400005341,18.4799995422,1608300,0.0,0.0
364,2022-10-11,18.3199996948,18.3899993896,17.3400001526,17.7700004578,1893000,0.0,0.0
365,2022-10-12,17.6900005341,18.1469993591,17.4699993134,18.1000003815,2042700,0.0,0.0
366,2022-10-13,17.25,18.4750003815,16.7900009155,18.3400001526,2706100,0.0,0.0
367,2022-10-14,19.0499992371,19.1399993896,17.6350002289,17.8299999237,1911400,0.0,0.0
368,2022-10-17,18.5599994659,19.1800003052,18.3299999237,18.4400005341,2229400,0.0,0.0
369,2022-10-18,19.2399997711,19.4099998474,18.0629997253,18.6299991608,2503100,0.0,0.0
370,2022-10-19,18.0799999237,18.2600002289,17.1550006866,17.4400005341,1973300,0.0,0.0
371,2022-10-20,17.4300003052,18.4400005341,17.3500003815,17.7999992371,1854900,0.0,0.0
372,2022-10-21,17.4899997711,17.5300006866,16.4659996033,17.5200004578,2212100,0.0,0.0
373,2022-10-24,17.5,17.9799995422,16.8099994659,17.6700000763,1941000,0.0,0.0
374,2022-10-25,17.8199996948,18.875,17.8150005341,18.7999992371,1862100,0.0,0.0
375,2022-10-26,18.2800006866,18.8250007629,17.8150005341,17.9899997711,1649700,0.0,0.0
376,2022-10-27,18.3500003815,18.8400001526,17.5100002289,17.5799999237,2431400,0.0,0.0
377,2022-10-28,17.3700008392,17.6299991608,16.8899993896,17.3899993896,1446300,0.0,0.0
378,2022-10-31,17.1800003052,17.5149993896,16.7399997711,16.9599990845,1749200,0.0,0.0
379,2022-11-02,17.2399997711,17.25,15.9899997711,16.0699996948,2620000,0.0,0.0
380,2022-11-03,15.6899995804,16.0300006866,15.2600002289,15.2899999619,2597200,0.0,0.0
381,2022-11-04,15.6800003052,15.8129997253,14.3800001144,14.8400001526,2813300,0.0,0.0
382,2022-11-07,15.1199998856,15.279999733,14.3299999237,14.9399995804,2831800,0.0,0.0
383,2022-11-08,14.970000267,15.8000001907,14.3199996948,15.1800003052,3510000,0.0,0.0
384,2022-11-09,14.8299999237,14.8299999237,13.2010002136,13.7399997711,7823100,0.0,0.0
385,2022-11-10,15.6499996185,16.3999996185,14.8999996185,16.2800006866,10644800,0.0,0.0
386,2022-11-11,15.6000003815,17.3950004578,15.3950004578,16.9400005341,5326500,0.0,0.0
387,2022-11-14,16.6100006104,16.7299995422,15.3199996948,15.3599996567,4589800,0.0,0.0
388,2022-11-15,16.2099990845,16.3799991608,15.1400003433,15.5200004578,5377100,0.0,0.0
389,2022-11-16,15.0500001907,15.0500001907,14.2899999619,14.5699996948,3973500,0.0,0.0
390,2022-11-17,14.0100002289,14.654999733,13.8400001526,14.3599996567,2674100,0.0,0.0
391,2022-11-18,14.7700004578,14.7700004578,13.6700000763,13.9499998093,2219600,0.0,0.0
392,2022-11-21,13.6999998093,13.7849998474,13.0200004578,13.3000001907,2902700,0.0,0.0
393,2022-11-22,13.1700000763,14.0100002289,13.0,13.9600000381,2074400,0.0,0.0
394,2022-11-23,13.9200000763,14.2700004578,13.8199996948,14.1000003815,2214800,0.0,0.0
395,2022-11-25,13.8699998856,14.7100000381,13.7899999619,14.0200004578,884600,0.0,0.0
396,2022-11-28,13.4499998093,14.0799999237,13.4300003052,13.4799995422,2572300,0.0,0.0
397,2022-11-29,13.6149997711,13.7899999619,13.2899999619,13.4399995804,2156600,0.0,0.0
398,2022-11-30,13.25,14.4600000381,13.1800003052,14.4099998474,8646200,0.0,0.0
399,2022-12-02,14.0799999237,14.4949998856,13.8100004196,14.279999733,2783000,0.0,0.0
400,2022-12-05,14.1700000763,14.25,12.6850004196,12.8299999237,3805300,0.0,0.0
401,2022-12-06,12.8599996567,12.8599996567,10.7849998474,11.1000003815,6689800,0.0,0.0
402,2022-12-07,10.9200000763,11.1400003433,10.5799999237,10.7899999619,5112700,0.0,0.0
403,2022-12-08,10.4099998474,10.9499998093,10.1750001907,10.4099998474,5614400,0.0,0.0
404,2022-12-09,10.3299999237,10.5699996948,10.1899995804,10.3599996567,5542200,0.0,0.0
405,2022-12-12,10.4499998093,10.6999998093,10.3299999237,10.6999998093,4100400,0.0,0.0
406,2022-12-13,11.3999996185,11.9300003052,10.3199996948,10.5600004196,6844800,0.0,0.0
407,2022-12-14,10.4799995422,10.7600002289,10.25,10.529999733,4061300,0.0,0.0
408,2022-12-15,10.1700000763,10.3599996567,9.7349996567,9.7600002289,5541500,0.0,0.0
409,2022-12-16,9.7100000381,9.9750003815,9.5900001526,9.8199996948,6275100,0.0,0.0
410,2022-12-19,9.8500003815,9.8500003815,9.4499998093,9.4799995422,2003400,0.0,0.0
411,2022-12-20,9.4099998474,9.9300003052,9.3999996185,9.8299999237,2406500,0.0,0.0
412,2022-12-21,9.9499998093,10.4270000458,9.779999733,10.1999998093,3541000,0.0,0.0
413,2022-12-22,9.9399995804,10.0500001907,9.5249996185,9.8400001526,3079500,0.0,0.0
414,2022-12-23,9.8500003815,9.9149999619,9.6700000763,9.8400001526,2601400,0.0,0.0
415,2022-12-27,9.8000001907,9.8000001907,9.2299995422,9.3000001907,2569500,0.0,0.0
416,2022-12-28,9.220000267,9.4399995804,9.1400003433,9.3999996185,2654300,0.0,0.0
417,2022-12-29,9.529999733,10.5699996948,9.4350004196,10.4300003052,2600500,0.0,0.0
418,2022-12-30,10.1300001144,10.6000003815,10.1300001144,10.529999733,2577900,0.0,0.0
419,2023-01-03,10.8100004196,11.1400003433,10.470000267,10.7299995422,2575200,0.0,0.0
420,2023-01-04,10.9799995422,11.1800003052,10.5699996948,10.8999996185,3561300,0.0,0.0
421,2023-01-05,9.7100000381,10.0100002289,9.4350004196,9.8500003815,4030100,0.0,0.0
422,2023-01-06,9.8900003433,9.9350004196,9.2150001526,9.720000267,4199800,0.0,0.0
423,2023-01-09,9.9499998093,10.529999733,9.9200000763,10.1800003052,3275600,0.0,0.0
424,2023-01-10,10.0699996948,10.3699998856,9.9499998093,10.3699998856,3943900,0.0,0.0
425,2023-01-11,10.3999996185,10.779999733,10.3000001907,10.7600002289,2544500,0.0,0.0
426,2023-01-12,10.8299999237,10.8900003433,10.3000001907,10.6800003052,1727000,0.0,0.0
427,2023-01-13,10.4399995804,10.904999733,10.3319997787,10.8100004196,1345500,0.0,0.0
428,2023-01-17,10.7899999619,11.0799999237,10.4399995804,10.8999996185,2863100,0.0,0.0
429,2023-01-18,11.0399999619,11.2250003815,10.654999733,10.6999998093,1975600,0.0,0.0
430,2023-01-19,10.4020004272,10.6199998856,10.0850000381,10.1800003052,1856500,0.0,0.0
431,2023-01-20,10.2700004578,10.9499998093,10.1300001144,10.9399995804,1960100,0.0,0.0
432,2023-01-23,11.0200004578,11.9899997711,10.9549999237,11.9799995422,2707800,0.0,0.0
433,2023-01-24,11.8400001526,12.1899995804,11.720000267,11.8999996185,2775700,0.0,0.0
434,2023-01-25,11.5,11.9099998474,11.0050001144,11.8199996948,1904200,0.0,0.0
435,2023-01-26,12.220000267,12.2749996185,11.7650003433,11.8999996185,1905800,0.0,0.0
436,2023-01-27,11.7600002289,12.6750001907,11.7600002289,12.5900001526,2602600,0.0,0.0
437,2023-01-30,12.1999998093,12.4849996567,11.8100004196,12.2100000381,2764100,0.0,0.0
438,2023-01-31,12.3000001907,12.7100000381,12.1750001907,12.6999998093,2207100,0.0,0.0
439,2023-02-02,13.9600000381,14.5249996185,13.4799995422,14.1899995804,5440900,0.0,0.0
440,2023-02-03,13.4899997711,14.0450000763,13.1700000763,13.220000267,2688500,0.0,0.0
441,2023-02-06,12.9399995804,13.1400003433,12.4930000305,12.6000003815,3526800,0.0,0.0
442,2023-02-07,12.5799999237,12.9300003052,12.345000267,12.8500003815,2901900,0.0,0.0
443,2023-02-08,12.75,13.125,12.4200000763,12.6800003052,7109300,0.0,0.0
444,2023-02-09,17.2700004578,17.3799991608,16.0499992371,16.1100006104,14681600,0.0,0.0
445,2023-02-10,15.7100000381,16.1399993896,15.1400003433,15.2899999619,5111600,0.0,0.0
446,2023-02-13,15.3900003433,16.1089992523,14.3850002289,15.8599996567,4817600,0.0,0.0
447,2023-02-14,15.5900001526,16.2199993134,15.1700000763,15.970000267,3283200,0.0,0.0
448,2023-02-15,15.9399995804,17.0149993896,15.7899999619,16.8700008392,3881500,0.0,0.0
449,2023-02-16,16.2099990845,16.5849990845,15.5900001526,15.6000003815,3155900,0.0,0.0
450,2023-02-17,15.4499998093,15.5900001526,14.9300003052,14.9899997711,2701100,0.0,0.0
451,2023-02-21,14.6199998856,14.7899999619,14.1899995804,14.1999998093,2920700,0.0,0.0
452,2023-02-22,14.1999998093,15.3100004196,14.1099996567,15.1700000763,3225900,0.0,0.0
453,2023-02-23,14.6499996185,15.0500001907,14.1199998856,14.4899997711,3350600,0.0,0.0
454,2023-02-24,14.0600004196,14.5050001144,14.0100002289,14.2100000381,3171000,0.0,0.0
455,2023-02-27,14.4499998093,14.5600004196,13.3699998856,13.4099998474,2751500,0.0,0.0
456,2023-02-28,13.3400001526,13.7150001526,13.2899999619,13.5,2297100,0.0,0.0
457,2023-03-02,13.2600002289,13.7100000381,13.1300001144,13.6999998093,1393200,0.0,0.0
458,2023-03-03,13.9399995804,14.2899999619,13.8000001907,13.9499998093,2183300,0.0,0.0
459,2023-03-06,14.0100002289,14.1750001907,13.5,13.6099996567,1586400,0.0,0.0
460,2023-03-07,13.6700000763,13.9499998093,13.3500003815,13.4399995804,1885600,0.0,0.0
461,2023-03-08,13.4200000763,13.5900001526,13.1800003052,13.2899999619,1761000,0.0,0.0
462,2023-03-09,13.2299995422,13.5799999237,12.7100000381,12.779999733,1574900,0.0,0.0
463,2023-03-10,12.75,12.75,11.9200000763,12.3100004196,2316900,0.0,0.0
464,2023-03-13,12.1400003433,12.7049999237,11.6899995804,12.4099998474,2417800,0.0,0.0
465,2023-03-14,12.8199996948,12.9300003052,12.6149997711,12.7700004578,2054100,0.0,0.0
466,2023-03-15,12.3999996185,13.6899995804,12.3599996567,13.5900001526,3235100,0.0,0.0
467,2023-03-16,13.6700000763,14.0500001907,13.5399999619,13.7600002289,3312800,0.0,0.0
468,2023-03-17,13.6800003052,14.0,13.4799995422,13.5200004578,6121600,0.0,0.0
469,2023-03-20,13.4099998474,14.0590000153,13.2299995422,13.6000003815,2591500,0.0,0.0
470,2023-03-21,13.7600002289,14.4099998474,13.6350002289,14.2399997711,2483300,0.0,0.0
471,2023-03-22,14.2700004578,14.404999733,13.7899999619,13.8100004196,2212200,0.0,0.0
472,2023-03-23,14.1499996185,14.7349996567,14.0500001907,14.1899995804,1817200,0.0,0.0
473,2023-03-24,14.1499996185,14.345000267,13.8500003815,14.1700000763,1728300,0.0,0.0
474,2023-03-27,14.25,14.3500003815,13.6850004196,14.1499996185,2424000,0.0,0.0
475,2023-03-28,14.1099996567,14.1450004578,13.8299999237,13.970000267,1740100,0.0,0.0
476,2023-03-29,14.279999733,15.0600004196,14.2399997711,14.9799995422,2725700,0.0,0.0
477,2023-03-30,15.3400001526,15.3800001144,14.904999733,15.0,2675900,0.0,0.0
478,2023-03-31,15.220000267,15.8800001144,15.0699996948,15.75,2517900,0.0,0.0
479,2023-04-03,15.6199998856,16.0079994202,15.5600004196,15.8299999237,2150900,0.0,0.0
480,2023-04-04,15.9200000763,16.5599994659,15.9200000763,16.3999996185,2607600,0.0,0.0
481,2023-04-05,16.3099994659,16.3600006104,15.25,15.6999998093,3350700,0.0,0.0
482,2023-04-06,15.6199998856,15.9499998093,15.2600002289,15.720000267,2306500,0.0,0.0
483,2023-04-10,15.4499998093,15.9200000763,15.2600002289,15.8599996567,2247500,0.0,0.0
484,2023-04-11,15.8599996567,16.1599998474,15.7700004578,15.9600000381,2146000,0.0,0.0
485,2023-04-12,16.4099998474,16.4099998474,15.8500003815,16.1599998474,2765300,0.0,0.0
486,2023-04-13,16.3700008392,16.8299999237,16.2999992371,16.3600006104,2961500,0.0,0.0
487,2023-04-14,16.2999992371,16.5550003052,16.1200008392,16.4699993134,2246900,0.0,0.0
488,2023-04-17,16.4099998474,16.8449993134,16.1700000763,16.3400001526,2329800,0.0,0.0
489,2023-04-18,16.6100006104,16.7299995422,16.3250007629,16.6000003815,1790800,0.0,0.0
490,2023-04-19,16.3299999237,17.0799999237,16.2700004578,16.7700004578,2262600,0.0,0.0
491,2023-04-20,16.5,16.8649997711,16.3899993896,16.4899997711,2077000,0.0,0.0
492,2023-04-21,16.5900001526,16.7150001526,16.3150005341,16.4300003052,2039800,0.0,0.0
493,2023-04-24,16.5300006866,16.5900001526,15.5900001526,15.8599996567,2439900,0.0,0.0
494,2023-04-25,15.7600002289,15.7899999619,15.4099998474,15.4399995804,1740900,0.0,0.0
495,2023-04-26,15.7600002289,16.3700008392,15.6099996567,15.9399995804,3049000,0.0,0.0
496,2023-04-27,16.4799995422,17.3400001526,16.3799991608,17.0300006866,2945300,0.0,0.0
497,2023-04-28,16.9599990845,17.3199996948,16.6800003052,17.0,2051500,0.0,0.0
498,2023-05-02,16.8099994659,16.9099998474,15.6999998093,16.2600002289,2790400,0.0,0.0
499,2023-05-03,16.3600006104,17.1900005341,16.3500003815,16.4500007629,2243200,0.0,0.0
500,2023-05-04,16.6499996185,17.0349998474,16.5599994659,16.6200008392,2322800,0.0,0.0
501,2023-05-05,16.8999996185,17.2600002289,16.8500003815,17.1599998474,1757100,0.0,0.0
502,2023-05-08,17.2000007629,17.9150009155,17.2000007629,17.6200008392,2333700,0.0,0.0
503,2023-05-09,17.4099998474,17.75,17.25,17.3299999237,3295900,0.0,0.0
504,2023-05-10,17.7399997711,18.0599994659,17.5650005341,17.8099994659,4608900,0.0,0.0
505,2023-05-11,21.7549991608,22.9950008392,20.8999996185,22.0,15089800,0.0,0.0
506,2023-05-12,22.6800003052,22.6800003052,21.1200008392,21.5100002289,3462000,0.0,0.0
507,2023-05-15,21.5499992371,22.9300003052,21.3700008392,22.6299991608,3835100,0.0,0.0
508,2023-05-16,22.5,23.1100006104,22.0750007629,22.8799991608,2594200,0.0,0.0
509,2023-05-17,24.3700008392,25.0100002289,24.0499992371,24.3799991608,5482300,0.0,0.0
510,2023-05-18,24.4300003052,25.202999115,24.2800006866,25.0799999237,4548200,0.0,0.0
511,2023-05-19,25.0799999237,25.2399997711,24.6979999542,25.1200008392,2217400,0.0,0.0
512,2023-05-22,25.1700000763,25.3400001526,24.5349998474,25.0900001526,3246900,0.0,0.0
513,2023-05-23,24.9300003052,25.5,24.7199993134,24.8099994659,1819500,0.0,0.0
514,2023-05-24,24.3899993896,24.8500003815,24.2299995422,24.4300003052,1749000,0.0,0.0
515,2023-05-25,24.9300003052,25.0750007629,23.6499996185,24.0499992371,1905400,0.0,0.0
516,2023-05-26,24.1399993896,24.486000061,23.8700008392,24.0499992371,1772000,0.0,0.0
517,2023-05-30,24.6100006104,24.9099998474,24.1149997711,24.2299995422,2196400,0.0,0.0
518,2023-05-31,23.9899997711,25.1790008545,23.8799991608,25.0100002289,3578300,0.0,0.0
519,2023-06-02,25.0400009155,25.6469993591,24.6100006104,24.8099994659,2718300,0.0,0.0
520,2023-06-05,24.7900009155,25.7900009155,24.1900005341,25.6000003815,3630000,0.0,0.0
521,2023-06-06,25.6499996185,25.7199993134,23.2399997711,23.2999992371,4938300,0.0,0.0
522,2023-06-07,23.5799999237,23.7000007629,21.0349998474,21.5349998474,6511100,0.0,0.0
523,2023-06-08,21.4400005341,22.8600006104,21.3299999237,22.4899997711,3651200,0.0,0.0
524,2023-06-09,22.3899993896,23.5100002289,22.3449993134,22.6599998474,1963000,0.0,0.0
525,2023-06-12,22.8299999237,22.8299999237,22.1599998474,22.3799991608,2137800,0.0,0.0
526,2023-06-13,22.7099990845,23.1200008392,22.1900005341,22.5200004578,2016800,0.0,0.0
527,2023-06-14,22.5100002289,22.7800006866,21.8700008392,22.5,2264300,0.0,0.0
528,2023-06-15,22.1900005341,23.4599990845,22.1100006104,23.2099990845,2228000,0.0,0.0
529,2023-06-16,23.2999992371,24.4300003052,23.0900001526,23.9699993134,7120300,0.0,0.0
530,2023-06-20,23.6900005341,24.2950000763,23.2199993134,23.5799999237,2908200,0.0,0.0
531,2023-06-21,23.6299991608,23.7900009155,23.1800003052,23.3500003815,1782300,0.0,0.0
532,2023-06-22,23.2199993134,23.7700004578,22.954000473,23.7000007629,1333100,0.0,0.0
533,2023-06-23,23.2999992371,23.5100002289,22.8500003815,23.3899993896,4326600,0.0,0.0
534,2023-06-26,23.4899997711,24.7000007629,23.4750003815,24.1900005341,1800200,0.0,0.0
535,2023-06-27,24.5200004578,26.1550006866,24.5200004578,26.0400009155,2516400,0.0,0.0
536,2023-06-28,25.9200000763,26.6180000305,25.6650009155,25.7099990845,2181400,0.0,0.0
537,2023-06-29,25.7000007629,25.7600002289,25.111000061,25.5699996948,1486900,0.0,0.0
538,2023-06-30,26.0400009155,26.3199996948,25.7000007629,25.7299995422,2090900,0.0,0.0
539,2023-07-03,25.6499996185,25.9950008392,25.5400009155,25.9200000763,759200,0.0,0.0
540,2023-07-05,25.7900009155,26.6499996185,25.7900009155,26.5599994659,1757100,0.0,0.0
541,2023-07-06,26.0200004578,26.1200008392,25.2399997711,25.5499992371,1878900,0.0,0.0
542,2023-07-07,25.7600002289,26.5400009155,25.7299995422,25.9899997711,1505200,0.0,0.0
543,2023-07-10,25.8299999237,27.1399993896,25.8199996948,27.0799999237,1999900,0.0,0.0
544,2023-07-11,27.2199993134,28.5900001526,26.9200000763,28.0900001526,2805200,0.0,0.0
545,2023-07-12,28.5,28.5599994659,27.8500003815,28.2999992371,1504800,0.0,0.0
546,2023-07-13,28.5499992371,29.25,28.3299999237,28.9899997711,2518700,0.0,0.0
547,2023-07-14,28.9799995422,29.125,28.0799999237,28.1499996185,1112700,0.0,0.0
548,2023-07-17,28.2999992371,28.7199993134,27.8600006104,28.4599990845,1072100,0.0,0.0
549,2023-07-18,28.7000007629,28.7590007782,28.2700004578,28.3099994659,1215400,0.0,0.0
550,2023-07-19,28.6000003815,29.125,28.1299991608,28.5699996948,1519000,0.0,0.0
551,2023-07-20,28.0699996948,28.1800003052,27.3199996948,28.0300006866,2525300,0.0,0.0
552,2023-07-21,28.4799995422,28.5100002289,27.9699993134,28.1000003815,1094800,0.0,0.0
553,2023-07-24,29.5,29.5,27.9599990845,28.1499996185,1442200,0.0,0.0
554,2023-07-25,28.3999996185,28.9300003052,28.392999649,28.6399993896,1323300,0.0,0.0
555,2023-07-26,28.1900005341,29.9799995422,28.1900005341,29.9400005341,1880300,0.0,0.0
556,2023-07-27,30.5900001526,31.1000003815,29.9500007629,29.9799995422,2646300,0.0,0.0
557,2023-07-28,30.7299995422,31.3299999237,30.4799995422,31.2600002289,2014200,0.0,0.0
558,2023-07-31,31.3099994659,31.8899993896,31.1700000763,31.3999996185,1526400,0.0,0.0
559,2023-08-02,30.5699996948,31.375,29.7619991302,31.1599998474,2419300,0.0,0.0
560,2023-08-03,31.0,31.1900005341,30.3500003815,30.5900001526,1267300,0.0,0.0
561,2023-08-04,31.1000003815,31.9699993134,31.0249996185,31.3600006104,3167100,0.0,0.0
562,2023-08-07,31.4400005341,31.4799995422,30.2299995422,30.7800006866,2225100,0.0,0.0
563,2023-08-08,30.0699996948,30.3199996948,29.6000003815,30.0499992371,1966400,0.0,0.0
564,2023-08-09,30.0300006866,30.1900005341,28.9909992218,29.4099998474,4990600,0.0,0.0
565,2023-08-10,38.3199996948,38.9599990845,33.1699981689,37.2000007629,19545600,0.0,0.0
566,2023-08-11,37.2000007629,39.5699996948,37.1049995422,38.8899993896,7701100,0.0,0.0
567,2023-08-14,38.4000015259,40.0,38.2999992371,39.75,3657400,0.0,0.0
568,2023-08-15,39.6899986267,40.0400009155,38.5299987793,39.6300010681,2374500,0.0,0.0
569,2023-08-16,39.4000015259,39.6500015259,38.625,39.0499992371,2437000,0.0,0.0
570,2023-08-17,38.6199989319,38.8699989319,37.4399986267,37.8199996948,2300700,0.0,0.0
571,2023-08-18,37.2099990845,39.25,37.0699996948,38.2299995422,2516600,0.0,0.0
572,2023-08-21,38.5099983215,39.5999984741,38.1300010681,39.0099983215,4053500,0.0,0.0
573,2023-08-22,40.6800003052,40.6899986267,39.2400016785,39.4799995422,2502600,0.0,0.0
574,2023-08-23,39.5600013733,40.1899986267,39.3899993896,40.1800003052,2112100,0.0,0.0
575,2023-08-24,40.4300003052,40.4300003052,39.2200012207,39.3100013733,1984200,0.0,0.0
576,2023-08-25,39.3100013733,39.9350013733,38.8499984741,39.7599983215,1595600,0.0,0.0
577,2023-08-28,39.6699981689,40.9099998474,39.3699989319,40.6500015259,2042600,0.0,0.0
578,2023-08-29,40.4599990845,42.2999992371,40.3800010681,41.2200012207,2865400,0.0,0.0
579,2023-08-30,41.25,43.0400009155,41.25,42.9799995422,2481800,0.0,0.0
580,2023-08-31,43.0999984741,43.236000061,42.5400009155,43.2200012207,2226600,0.0,0.0
581,2023-09-05,42.7099990845,43.4599990845,42.1300010681,42.5400009155,2090000,0.0,0.0
582,2023-09-06,42.2599983215,42.7000007629,41.7799987793,42.2299995422,1971700,0.0,0.0
583,2023-09-07,41.7200012207,42.9000015259,41.5029983521,42.4799995422,1468700,0.0,0.0
584,2023-09-08,42.3400001526,42.6150016785,41.7249984741,42.1199989319,1284700,0.0,0.0
585,2023-09-11,42.6199989319,43.6399993896,42.2799987793,42.4000015259,1798800,0.0,0.0
586,2023-09-12,41.9599990845,42.3400001526,41.3100013733,41.7000007629,3087200,0.0,0.0
587,2023-09-13,41.4099998474,41.8499984741,40.7000007629,40.8100013733,2640100,0.0,0.0
588,2023-09-14,41.7200012207,42.9700012207,41.3050003052,42.5999984741,3400500,0.0,0.0
589,2023-09-15,42.1199989319,42.8400001526,41.0900001526,42.8199996948,6482300,0.0,0.0
590,2023-09-18,42.4900016785,44.8899993896,42.0849990845,44.0099983215,5615400,0.0,0.0
591,2023-09-19,43.5999984741,43.7900009155,39.0200004578,39.7299995422,5802800,0.0,0.0
592,2023-09-20,39.6699981689,40.5600013733,39.3100013733,39.3300018311,3764600,0.0,0.0
593,2023-09-21,38.3800010681,39.2999992371,38.2400016785,38.4399986267,2582200,0.0,0.0
594,2023-09-22,38.8199996948,38.9700012207,37.4819984436,37.7599983215,2103800,0.0,0.0
595,2023-09-25,37.3499984741,38.3400001526,37.1199989319,38.2000007629,2219500,0.0,0.0
596,2023-09-26,37.6500015259,39.0499992371,37.3699989319,38.5900001526,2240000,0.0,0.0
597,2023-09-27,38.9599990845,39.5600013733,38.3899993896,39.5600013733,1734600,0.0,0.0
598,2023-09-28,39.2400016785,40.3499984741,38.9000015259,39.7400016785,1485900,0.0,0.0
599,2023-09-29,40.3800010681,40.5299987793,39.6100006104,39.9599990845,1539100,0.0,0.0
600,2023-10-02,40.1500015259,41.0499992371,39.9700012207,40.8199996948,1356600,0.0,0.0
601,2023-10-03,40.3199996948,40.9599990845,39.0,39.1300010681,2126900,0.0,0.0
602,2023-10-04,39.2999992371,40.4700012207,39.2400016785,40.3300018311,2205600,0.0,0.0
603,2023-10-05,40.2900009155,40.3400001526,39.3199996948,39.7000007629,1230600,0.0,0.0
604,2023-10-06,38.9900016785,41.0600013733,38.7900009155,40.3800010681,1828500,0.0,0.0
605,2023-10-09,39.7099990845,40.9399986267,39.5699996948,40.8499984741,1543000,0.0,0.0
606,2023-10-10,41.5,42.2200012207,40.422000885,40.5299987793,3160600,0.0,0.0
607,2023-10-11,40.5,40.6399993896,39.7999992371,40.2799987793,2003700,0.0,0.0
608,2023-10-12,40.1599998474,40.2099990845,38.9799995422,39.6899986267,2033100,0.0,0.0
609,2023-10-13,39.6800003052,39.8300018311,38.2099990845,38.5200004578,2091600,0.0,0.0
610,2023-10-16,38.6899986267,39.4300003052,37.9099998474,38.8899993896,2298800,0.0,0.0
611,2023-10-17,38.8899993896,40.25,38.8149986267,39.6399993896,2237000,0.0,0.0
612,2023-10-18,39.3600006104,39.9799995422,38.6300010681,38.9500007629,1546400,0.0,0.0
613,2023-10-19,39.3699989319,39.6800003052,38.4500007629,38.5400009155,2165900,0.0,0.0
614,2023-10-20,38.3400001526,38.5600013733,37.3899993896,37.5800018311,1993400,0.0,0.0
615,2023-10-23,37.0499992371,38.2299995422,36.8300018311,37.6399993896,1440700,0.0,0.0
616,2023-10-24,38.1800003052,38.9500007629,37.716999054,38.4700012207,1352200,0.0,0.0
617,2023-10-25,38.3199996948,38.3800010681,36.0600013733,36.1500015259,1709900,0.0,0.0
618,2023-10-26,36.4000015259,36.6500015259,34.4500007629,36.3699989319,3996700,0.0,0.0
619,2023-10-27,36.7700004578,37.0,36.1329994202,36.2200012207,2358200,0.0,0.0
620,2023-10-30,36.8199996948,37.1599998474,35.8699989319,36.7299995422,1631000,0.0,0.0
621,2023-10-31,36.8800010681,37.2799987793,36.2649993896,36.4399986267,1023800,0.0,0.0
622,2023-11-02,37.6300010681,38.9199981689,37.2799987793,37.3600006104,2093800,0.0,0.0
623,2023-11-03,37.2599983215,39.5099983215,37.2599983215,39.2700004578,2235200,0.0,0.0
624,2023-11-06,39.3600006104,39.4799995422,38.4199981689,39.4199981689,3293900,0.0,0.0
625,2023-11-07,40.0,41.5,39.6650009155,40.8899993896,5125600,0.0,0.0
626,2023-11-08,41.0999984741,41.9099998474,39.8180007935,40.1199989319,5230800,0.0,0.0
627,2023-11-09,45.1049995422,45.1049995422,37.1399993896,39.6800003052,14358800,0.0,0.0
628,2023-11-10,39.8699989319,44.0600013733,39.1300010681,43.7900009155,5897800,0.0,0.0
629,2023-11-13,43.6500015259,44.5200004578,41.3250007629,41.4099998474,3429900,0.0,0.0
630,2023-11-14,42.5800018311,43.8100013733,42.5699996948,42.7999992371,3557900,0.0,0.0
631,2023-11-15,42.4399986267,42.7000007629,39.8699989319,40.4500007629,5182300,0.0,0.0
632,2023-11-16,40.2000007629,40.4000015259,38.9000015259,38.9300003052,2850300,0.0,0.0
633,2023-11-17,39.1899986267,39.4199981689,38.5699996948,39.0999984741,2328700,0.0,0.0
634,2023-11-20,39.1599998474,40.1100006104,39.1599998474,39.5,1991400,0.0,0.0
635,2023-11-21,39.0200004578,39.6500015259,38.6599998474,38.7700004578,1830000,0.0,0.0
636,2023-11-22,39.0,39.5400009155,38.6100006104,39.2400016785,1329400,0.0,0.0
637,2023-11-24,39.2099990845,39.6380004883,38.7299995422,39.4900016785,811900,0.0,0.0
638,2023-11-27,39.25,40.4199981689,38.7900009155,39.3899993896,3201600,0.0,0.0
639,2023-11-28,39.4300003052,40.0900001526,37.9500007629,38.4000015259,3391600,0.0,0.0
640,2023-11-29,38.8800010681,39.2700004578,38.2799987793,39.0299987793,2245900,0.0,0.0
641,2023-11-30,38.9300003052,39.5,37.0439987183,37.4799995422,4034500,0.0,0.0
642,2023-12-04,37.5699996948,37.9300003052,36.9500007629,37.3699989319,3051100,0.0,0.0
643,2023-12-05,36.9799995422,37.3800010681,36.6100006104,37.0699996948,2456500,0.0,0.0
644,2023-12-06,37.1300010681,37.7999992371,36.2999992371,36.5999984741,1929500,0.0,0.0
645,2023-12-07,36.5200004578,37.0600013733,36.3699989319,36.8400001526,1932000,0.0,0.0
646,2023-12-08,36.5299987793,37.6150016785,36.5299987793,37.3600006104,1631300,0.0,0.0
647,2023-12-11,37.2700004578,37.9099998474,36.5800018311,36.7400016785,3843100,0.0,0.0
648,2023-12-12,36.5600013733,36.75,35.7900009155,36.2599983215,4006800,0.0,0.0
649,2023-12-13,36.3699989319,38.0299987793,36.3300018311,37.9300003052,3158300,0.0,0.0
650,2023-12-14,38.25,39.5900001526,38.1399993896,38.6899986267,4068300,0.0,0.0
651,2023-12-15,38.7900009155,40.2400016785,38.7200012207,39.9500007629,4498800,0.0,0.0
652,2023-12-18,40.5699996948,41.0499992371,39.9199981689,40.8699989319,2922500,0.0,0.0
653,2023-12-19,41.4599990845,44.4099998474,41.2599983215,43.5900001526,3942400,0.0,0.0
654,2023-12-20,43.6100006104,44.5699996948,43.0299987793,43.0999984741,2132600,0.0,0.0
655,2023-12-21,43.9199981689,44.1100006104,42.3209991455,43.0,1590100,0.0,0.0
656,2023-12-22,42.3800010681,42.4799995422,41.1399993896,41.2099990845,1898100,0.0,0.0
657,2023-12-26,41.1599998474,41.3899993896,40.3100013733,40.4000015259,2617200,0.0,0.0
658,2023-12-27,40.5,40.6899986267,39.8800010681,40.6500015259,2234100,0.0,0.0
659,2023-12-28,40.3499984741,40.9300003052,40.3499984741,40.7599983215,1130700,0.0,0.0
660,2023-12-29,40.7000007629,40.75,39.2750015259,39.8499984741,2260500,0.0,0.0
661,2024-01-02,39.4099998474,39.4099998474,38.2999992371,38.7799987793,2371600,0.0,0.0
662,2024-01-03,37.9399986267,38.4300003052,37.5800018311,38.2099990845,1942300,0.0,0.0
663,2024-01-04,38.0400009155,38.4199981689,37.4000015259,38.1199989319,2131400,0.0,0.0
664,2024-01-05,37.7900009155,38.6899986267,37.6800003052,38.1100006104,1955600,0.0,0.0
665,2024-01-08,38.3300018311,39.3100013733,37.9500007629,39.2900009155,1428600,0.0,0.0
666,2024-01-09,38.7599983215,39.3100013733,38.5999984741,39.1399993896,1726900,0.0,0.0
667,2024-01-10,39.3899993896,41.2599983215,39.1500015259,40.5299987793,2951400,0.0,0.0
668,2024-01-11,40.9900016785,41.4500007629,39.9099998474,41.4199981689,2108600,0.0,0.0
669,2024-01-12,41.4500007629,42.0299987793,41.2099990845,41.7099990845,2121100,0.0,0.0
670,2024-01-16,41.3699989319,41.4199981689,40.3899993896,40.7200012207,2131300,0.0,0.0
671,2024-01-17,40.5699996948,41.2200012207,39.4300003052,41.1800003052,2661200,0.0,0.0
672,2024-01-18,42.0099983215,43.1199989319,40.9799995422,43.0900001526,2826600,0.0,0.0
673,2024-01-19,43.4000015259,43.7000007629,41.0999984741,41.1399993896,3288200,0.0,0.0
674,2024-01-22,42.4399986267,44.0180015564,42.2750015259,43.3549995422,8093000,0.0,0.0
675,2024-01-23,44.0499992371,44.8899993896,43.4000015259,44.7299995422,5229600,0.0,0.0
676,2024-01-24,45.4199981689,45.5999984741,42.8899993896,43.3100013733,3867500,0.0,0.0
677,2024-01-25,43.9199981689,44.5699996948,43.25,44.0699996948,1895100,0.0,0.0
678,2024-01-26,44.1399993896,44.5800018311,43.8959999084,44.2999992371,2173500,0.0,0.0
679,2024-01-29,44.5499992371,46.5900001526,44.1500015259,46.5699996948,4791600,0.0,0.0
680,2024-01-30,46.4199981689,47.0400009155,42.1100006104,42.4700012207,5727700,0.0,0.0
681,2024-01-31,41.7999992371,42.4449996948,41.0400009155,41.1300010681,2907100,0.0,0.0
682,2024-02-02,41.0,45.8899993896,40.7099990845,45.8600006104,6021700,0.0,0.0
683,2024-02-05,45.5999984741,46.0900001526,44.0099983215,45.4799995422,2839600,0.0,0.0
684,2024-02-06,46.1100006104,46.5,45.0839996338,46.0400009155,2400200,0.0,0.0
685,2024-02-07,46.5,47.8300018311,45.7150001526,47.6899986267,4285800,0.0,0.0
686,2024-02-08,47.8019981384,48.7700004578,46.5200004578,46.5499992371,3383900,0.0,0.0
687,2024-02-09,47.0800018311,47.1599998474,45.2799987793,46.3499984741,2741500,0.0,0.0
688,2024-02-12,46.6800003052,48.3699989319,46.4799995422,47.0600013733,3593300,0.0,0.0
689,2024-02-13,45.3300018311,46.7900009155,45.1240005493,45.8300018311,3452200,0.0,0.0
690,2024-02-14,46.2799987793,47.2999992371,45.5900001526,46.8699989319,6882500,0.0,0.0
691,2024-02-15,54.6850013733,59.1399993896,52.75,58.5,16102500,0.0,0.0
692,2024-02-16,58.5200004578,60.6500015259,57.1199989319,59.8699989319,6176200,0.0,0.0
693,2024-02-20,59.1300010681,59.1500015259,55.3800010681,57.3300018311,6228000,0.0,0.0
694,2024-02-21,55.2099990845,57.5800018311,54.5,55.4199981689,4189000,0.0,0.0
695,2024-02-22,57.7599983215,58.3400001526,56.4500007629,57.7999992371,4505000,0.0,0.0
696,2024-02-23,58.0699996948,59.0680007935,57.0900001526,57.3899993896,3099000,0.0,0.0
697,2024-02-26,57.8199996948,60.9000015259,57.7200012207,58.9900016785,4403100,0.0,0.0
698,2024-02-27,59.9099998474,61.3499984741,59.6800003052,60.6300010681,4166100,0.0,0.0
699,2024-02-28,59.7999992371,60.4000015259,57.9650001526,58.0099983215,2882700,0.0,0.0
700,2024-02-29,58.5,60.0600013733,57.4000015259,59.7200012207,15796600,0.0,0.0
701,2024-03-04,62.5,63.4879989624,61.5999984741,61.8699989319,4657800,0.0,0.0
702,2024-03-05,60.75,61.6899986267,60.0200004578,60.9599990845,3761500,0.0,0.0
703,2024-03-06,62.5299987793,63.8400001526,61.1199989319,62.6199989319,4374100,0.0,0.0
704,2024-03-07,63.0,63.3800010681,62.3100013733,63.1899986267,4283500,0.0,0.0
705,2024-03-08,64.0400009155,65.6699981689,62.5400009155,63.4199981689,3859300,0.0,0.0
706,2024-03-11,62.7999992371,62.9500007629,59.2999992371,60.0299987793,4416800,0.0,0.0
707,2024-03-12,61.1500015259,61.3499984741,59.9199981689,61.1100006104,3947500,0.0,0.0
708,2024-03-13,60.9900016785,63.2099990845,60.7999992371,63.0900001526,3591800,0.0,0.0
709,2024-03-14,63.4300003052,64.3099975586,62.5,63.1899986267,3870900,0.0,0.0
710,2024-03-15,62.5800018311,63.9070014954,62.1399993896,63.1300010681,4649200,0.0,0.0
711,2024-03-18,63.75,68.8199996948,63.5900001526,68.1500015259,7559300,0.0,0.0
712,2024-03-19,66.9899978638,68.0049972534,63.7340011597,67.6399993896,5961700,0.0,0.0
713,2024-03-20,68.1800003052,71.0699996948,67.2799987793,70.5199966431,3855300,0.0,0.0
714,2024-03-21,71.5199966431,73.4800033569,71.0299987793,71.9100036621,3400800,0.0,0.0
715,2024-03-22,72.0,72.3050003052,70.2600021362,71.2300033569,6504000,0.0,0.0
716,2024-03-25,70.6100006104,73.25,70.3899993896,72.5999984741,2618000,0.0,0.0
717,2024-03-26,72.8000030518,74.5500030518,70.5699996948,71.0899963379,5233200,0.0,0.0
718,2024-03-27,71.25,71.5950012207,66.2900009155,68.8600006104,4049600,0.0,0.0
719,2024-03-28,68.8499984741,70.0350036621,68.5400009155,69.2200012207,2602100,0.0,0.0
720,2024-04-02,67.4000015259,69.7600021362,67.1999969482,69.7200012207,3216500,0.0,0.0
721,2024-04-03,69.7600021362,73.6790008545,69.5100021362,72.8600006104,7316600,0.0,0.0
722,2024-04-04,73.0999984741,75.8300018311,72.4899978638,72.7799987793,4692300,0.0,0.0
723,2024-04-05,71.9499969482,75.8499984741,70.8300018311,74.7949981689,4150800,0.0,0.0
724,2024-04-08,77.1800003052,78.2900009155,75.0500030518,78.0500030518,3907400,0.0,0.0
725,2024-04-09,78.3000030518,79.5500030518,75.3349990845,76.5199966431,4198000,0.0,0.0
726,2024-04-10,74.7099990845,77.5299987793,74.3199996948,76.3399963379,2924200,0.0,0.0
727,2024-04-11,77.2099990845,78.875,75.2200012207,78.2399978638,2777200,0.0,0.0
728,2024-04-12,77.5,78.0400009155,74.4899978638,75.5699996948,2561300,0.0,0.0
729,2024-04-15,74.3399963379,75.0950012207,71.2799987793,71.4300003052,4107200,0.0,0.0
730,2024-04-16,70.8099975586,73.2900009155,70.4530029297,72.3199996948,2812100,0.0,0.0
731,2024-04-17,72.75,73.18800354,70.3600006104,70.9000015259,2394700,0.0,0.0
732,2024-04-18,71.4700012207,71.8300018311,68.3099975586,68.8600006104,3701600,0.0,0.0
733,2024-04-19,68.1600036621,69.1800003052,66.2099990845,66.8000030518,2611400,0.0,0.0
734,2024-04-22,67.3000030518,68.25,65.6999969482,67.8499984741,2468600,0.0,0.0
735,2024-04-23,68.8600006104,71.6699981689,68.8600006104,71.1849975586,2526700,0.0,0.0
736,2024-04-24,71.8000030518,72.9800033569,68.4599990845,69.6999969482,3856500,0.0,0.0
737,2024-04-25,66.4599990845,69.7799987793,65.6200027466,69.2099990845,4564800,0.0,0.0
738,2024-04-26,70.0899963379,74.5899963379,69.9700012207,73.8199996948,5381300,0.0,0.0
739,2024-04-29,72.6399993896,73.6650009155,71.5299987793,72.9899978638,3820200,0.0,0.0
740,2024-04-30,72.3600006104,73.2799987793,70.5100021362,70.5699996948,3687000,0.0,0.0
741,2024-05-02,71.2549972534,73.0500030518,70.6800003052,72.4700012207,2397900,0.0,0.0
742,2024-05-03,73.0,75.2799987793,72.5,75.0699996948,2974600,0.0,0.0
743,2024-05-06,75.8000030518,77.5599975586,75.3000030518,76.8499984741,2831200,0.0,0.0
744,2024-05-07,76.4000015259,78.2799987793,75.3199996948,77.0899963379,3398300,0.0,0.0
745,2024-05-08,75.7300033569,76.6299972534,73.6200027466,74.0,6353600,0.0,0.0
746,2024-05-09,83.2720031738,88.5,80.6699981689,84.6900024414,15126900,0.0,0.0
747,2024-05-10,85.7399978638,87.9599990845,84.8099975586,86.4300003052,4971000,0.0,0.0
748,2024-05-13,87.0500030518,87.1299972534,83.5100021362,86.3700027466,5023700,0.0,0.0
749,2024-05-14,81.1200027466,83.8899993896,80.0100021362,83.4400024414,7763200,0.0,0.0
750,2024-05-15,84.0999984741,84.3899993896,82.5299987793,84.0599975586,5308100,0.0,0.0
751,2024-05-16,83.8399963379,84.5,82.7099990845,83.2300033569,4621400,0.0,0.0
752,2024-05-17,83.25,83.9199981689,81.9199981689,82.4899978638,3337200,0.0,0.0
753,2024-05-20,82.5,85.1500015259,81.4250030518,84.5699996948,6473600,0.0,0.0
754,2024-05-21,84.5400009155,84.9300003052,83.0199966431,84.0,4187100,0.0,0.0
755,2024-05-22,83.9000015259,84.5899963379,79.5,80.0,4840500,0.0,0.0
756,2024-05-23,81.5100021362,81.7850036621,77.9000015259,79.2600021362,3662300,0.0,0.0
757,2024-05-24,79.4300003052,82.2799987793,78.3799972534,82.1500015259,5050400,0.0,0.0
758,2024-05-28,83.8399963379,85.3399963379,82.5599975586,83.2300033569,6187200,0.0,0.0
759,2024-05-29,82.1299972534,84.3799972534,81.4499969482,83.8899993896,2998200,0.0,0.0
760,2024-05-30,83.5100021362,84.2300033569,82.0899963379,82.5,3246500,0.0,0.0
761,2024-05-31,82.9899978638,83.0950012207,78.2200012207,81.4800033569,6736000,0.0,0.0
762,2024-06-03,83.0500030518,83.4199981689,79.0699996948,82.6999969482,3779300,0.0,0.0
763,2024-06-04,83.0,85.4499969482,79.8600006104,81.6399993896,4193400,0.0,0.0
764,2024-06-05,82.1999969482,84.5999984741,81.8300018311,83.6699981689,4259500,0.0,0.0
765,2024-06-06,83.6699981689,87.0800018311,82.1999969482,83.2300033569,4691500,0.0,0.0
766,2024-06-07,82.4000015259,83.3399963379,80.8040008545,81.9100036621,3008800,0.0,0.0
767,2024-06-10,81.1800003052,83.0,79.0800018311,80.3799972534,3835600,0.0,0.0
768,2024-06-11,79.6500015259,79.6500015259,72.1500015259,77.3499984741,9550300,0.0,0.0
769,2024-06-12,79.1500015259,79.3499984741,73.6299972534,76.5400009155,6165500,0.0,0.0
770,2024-06-13,76.5400009155,77.2300033569,74.3799972534,75.6500015259,3139200,0.0,0.0
771,2024-06-14,75.4100036621,77.6699981689,74.9000015259,77.5199966431,2846300,0.0,0.0
772,2024-06-17,77.6699981689,79.4489974976,76.7399978638,78.4599990845,3794600,0.0,0.0
773,2024-06-18,78.5299987793,81.0999984741,78.4599990845,80.8399963379,4370300,0.0,0.0
774,2024-06-20,81.5999984741,82.6600036621,76.3399963379,77.1800003052,4373400,0.0,0.0
775,2024-06-21,77.0,78.7200012207,75.1299972534,78.5800018311,4131600,0.0,0.0
776,2024-06-24,77.7399978638,78.3399963379,76.3789978027,78.0500030518,3496400,0.0,0.0
777,2024-06-25,78.4400024414,81.7600021362,78.4400024414,81.2099990845,4042500,0.0,0.0
778,2024-06-26,80.7200012207,82.25,79.8850021362,80.4800033569,2896400,0.0,0.0
779,2024-06-27,80.5800018311,83.5599975586,80.0199966431,83.1200027466,3319300,0.0,0.0
780,2024-06-28,83.5,84.3499984741,82.3000030518,83.2200012207,10782600,0.0,0.0
781,2024-07-02,84.2099990845,85.3899993896,82.6299972534,83.6800003052,3466500,0.0,0.0
782,2024-07-03,83.7699966431,87.0,83.6999969482,86.9599990845,2986800,0.0,0.0
783,2024-07-05,87.5100021362,91.9100036621,85.3199996948,86.8000030518,5769600,0.0,0.0
784,2024-07-08,87.3199996948,87.9199981689,83.1200027466,85.1800003052,2932300,0.0,0.0
785,2024-07-09,85.6500015259,86.2050018311,84.0400009155,84.7099990845,1996300,0.0,0.0
786,2024-07-10,85.0,85.2799987793,82.0699996948,84.3600006104,2349700,0.0,0.0
787,2024-07-11,85.0,85.0599975586,80.8710021973,82.0100021362,2383300,0.0,0.0
788,2024-07-12,82.2200012207,85.2399978638,81.8300018311,84.8600006104,1952400,0.0,0.0
789,2024-07-15,85.7300033569,88.4599990845,84.6999969482,87.9300003052,3154300,0.0,0.0
790,2024-07-16,88.6200027466,89.2600021362,86.1900024414,86.5299987793,2014000,0.0,0.0
791,2024-07-17,84.0599975586,84.3600006104,79.1399993896,80.1900024414,4584300,0.0,0.0
792,2024-07-18,81.9899978638,82.2590026855,78.8000030518,80.9300003052,2763500,0.0,0.0
793,2024-07-19,80.3899993896,82.3379974365,79.9000015259,81.8000030518,1654500,0.0,0.0
794,2024-07-22,83.25,83.8799972534,81.9100036621,83.2399978638,1802300,0.0,0.0
795,2024-07-23,83.5199966431,85.2799987793,82.75,83.8099975586,1425200,0.0,0.0
796,2024-07-24,81.4899978638,82.8550033569,78.5500030518,78.6800003052,2194700,0.0,0.0
797,2024-07-25,77.7799987793,78.2050018311,73.0849990845,76.1699981689,4132000,0.0,0.0
798,2024-07-26,78.8199996948,78.8199996948,76.5650024414,77.5299987793,1790400,0.0,0.0
799,2024-07-29,78.2200012207,79.0999984741,76.3000030518,76.8499984741,2339500,0.0,0.0
800,2024-07-30,76.9899978638,78.3899993896,74.1200027466,74.8300018311,3080500,0.0,0.0
801,2024-07-31,77.6299972534,78.0500030518,76.4100036621,77.0999984741,2799900,0.0,0.0
802,2024-08-02,70.5250015259,71.5500030518,68.0800018311,68.7200012207,4368000,0.0,0.0
803,2024-08-05,62.0900001526,68.7200012207,60.6699981689,67.1399993896,3561700,0.0,0.0
804,2024-08-06,68.9899978638,70.5,67.3199996948,69.0,4259000,0.0,0.0
805,2024-08-07,72.0,73.0,66.9700012207,67.1900024414,7312900,0.0,0.0
806,2024-08-08,70.0500030518,76.8600006104,66.1600036621,76.7300033569,9465900,0.0,0.0
807,2024-08-09,76.5,78.1500015259,72.8099975586,77.3799972534,4907300,0.0,0.0
808,2024-08-12,77.5899963379,78.1900024414,74.1200027466,74.7600021362,4957300,0.0,0.0
809,2024-08-13,76.3399963379,80.1699981689,75.8899993896,79.7900009155,3919500,0.0,0.0
810,2024-08-14,80.1399993896,85.5999984741,80.1399993896,84.6399993896,6277900,0.0,0.0
811,2024-08-15,86.0100021362,86.9400024414,84.1900024414,85.5800018311,3521100,0.0,0.0
812,2024-08-16,84.4300003052,87.0199966431,83.6100006104,86.3499984741,2782200,0.0,0.0
813,2024-08-19,86.0,86.3050003052,84.1699981689,85.8150024414,1873300,0.0,0.0
814,2024-08-20,85.6500015259,88.7040023804,85.0,86.5800018311,2363900,0.0,0.0
815,2024-08-21,86.5899963379,91.0999984741,86.2900009155,90.8899993896,3545900,0.0,0.0
816,2024-08-22,91.4000015259,92.5,88.6999969482,89.0,3145700,0.0,0.0
817,2024-08-23,90.1100006104,91.3000030518,88.3199996948,90.1999969482,1910200,0.0,0.0
818,2024-08-26,89.9899978638,92.3300018311,89.5699996948,89.8899993896,2055200,0.0,0.0
819,2024-08-27,88.9899978638,90.8899993896,87.6299972534,90.3000030518,1876100,0.0,0.0
820,2024-08-28,88.9000015259,89.8000030518,87.1100006104,88.0,3219400,0.0,0.0
821,2024-08-29,88.2900009155,93.6900024414,88.2900009155,91.6100006104,4595100,0.0,0.0
822,2024-08-30,92.0,93.6999969482,90.6949996948,92.8700027466,4581600,0.0,0.0
823,2024-09-03,92.6200027466,92.8099975586,87.7799987793,88.1299972534,3302500,0.0,0.0
824,2024-09-04,87.3700027466,89.8550033569,85.4130020142,87.8799972534,2575400,0.0,0.0
825,2024-09-05,86.5599975586,89.4199981689,86.5599975586,88.1900024414,2019200,0.0,0.0
826,2024-09-06,88.1900024414,88.5650024414,82.5100021362,84.5699996948,4251000,0.0,0.0
827,2024-09-09,85.8899993896,88.1999969482,84.7300033569,86.3099975586,3564600,0.0,0.0
828,2024-09-10,87.9000015259,88.2799987793,85.2300033569,86.2300033569,2828300,0.0,0.0
829,2024-09-11,87.5500030518,98.0999984741,87.1200027466,97.5699996948,7894700,0.0,0.0
830,2024-09-12,97.3499984741,106.4499969482,97.3499984741,105.6100006104,9799100,0.0,0.0
831,2024-09-13,106.8499984741,112.8799972534,105.9400024414,112.5800018311,8598400,0.0,0.0
832,2024-09-16,111.4000015259,116.9700012207,110.9000015259,116.25,6967200,0.0,0.0
833,2024-09-17,118.1600036621,124.7649993896,117.2600021362,123.6399993896,9429300,0.0,0.0
834,2024-09-18,123.3000030518,125.75,120.6399993896,123.1600036621,7244700,0.0,0.0
835,2024-09-19,126.5,128.1900024414,122.4130020142,124.0,6986000,0.0,0.0
836,2024-09-20,124.0,126.6800003052,123.5100021362,126.0899963379,9910700,0.0,0.0
837,2024-09-23,125.7600021362,127.4169998169,124.5899963379,126.1200027466,3910300,0.0,0.0
838,2024-09-24,126.5100021362,130.3899993896,125.8899993896,129.0800018311,4925200,0.0,0.0
839,2024-09-25,129.3399963379,131.4140014648,128.1300048828,130.7100067139,4530400,0.0,0.0
840,2024-09-26,133.0500030518,133.0500030518,125.6200027466,128.1300048828,4494900,0.0,0.0
841,2024-09-27,128.9499969482,128.9499969482,126.6600036621,127.75,2327100,0.0,0.0
842,2024-09-30,127.5100021362,131.1470031738,126.5299987793,130.5500030518,3814900,0.0,0.0
843,2024-10-02,129.8500061035,132.0299987793,128.5,131.3600006104,2637200,0.0,0.0
844,2024-10-03,130.8800048828,135.2519989014,130.5399932861,135.25,3160900,0.0,0.0
845,2024-10-04,137.5,140.0200042725,135.5,139.6600036621,3961200,0.0,0.0
846,2024-10-07,138.8500061035,142.2700042725,137.1999969482,139.9499969482,3848900,0.0,0.0
847,2024-10-08,141.3699951172,143.9499969482,139.8999938965,143.5099945068,2616000,0.0,0.0
848,2024-10-09,142.9600067139,144.4900054932,140.1499938965,143.3999938965,4041800,0.0,0.0
849,2024-10-10,141.5899963379,145.6799926758,141.1040039063,144.8399963379,3846400,0.0,0.0
850,2024-10-11,144.8399963379,147.6000061035,144.6560058594,147.0,4037700,0.0,0.0
851,2024-10-14,141.2700042725,148.4799957275,140.9199981689,145.3000030518,5361000,0.0,0.0
852,2024-10-15,144.6300048828,146.7700042725,143.3099975586,143.8099975586,4586200,0.0,0.0
853,2024-10-16,144.1199951172,145.1000061035,139.3999938965,144.8500061035,4297500,0.0,0.0
854,2024-10-17,146.3099975586,146.7400054932,142.7200012207,143.0,2598900,0.0,0.0
855,2024-10-18,144.1499938965,146.0200042725,141.3500061035,145.2200012207,2782700,0.0,0.0
856,2024-10-21,148.2700042725,159.8099975586,148.0099945068,158.8500061035,5796500,0.0,0.0
857,2024-10-22,161.2700042725,163.078994751,157.9199981689,158.9499969482,3411500,0.0,0.0
858,2024-10-23,160.1600036621,165.3800048828,157.8800048828,159.3999938965,4049400,0.0,0.0
859,2024-10-24,160.5599975586,162.7200012207,158.0800018311,159.0,2489100,0.0,0.0
860,2024-10-25,161.4600067139,164.1499938965,159.9100036621,161.6300048828,2193300,0.0,0.0
861,2024-10-28,163.3099975586,166.7400054932,162.1699981689,166.1849975586,2584900,0.0,0.0
862,2024-10-29,167.9799957275,172.5500030518,166.5700073242,172.2400054932,2874200,0.0,0.0
863,2024-10-30,173.2200012207,174.4600067139,170.8300018311,171.6499938965,2995100,0.0,0.0
864,2024-10-31,170.0,171.3099975586,164.7599945068,169.3899993896,2772800,0.0,0.0
865,2024-11-04,161.7799987793,162.4499969482,158.3300018311,159.1100006104,4037600,0.0,0.0
866,2024-11-05,161.7100067139,167.4299926758,160.5200042725,165.1799926758,4003600,0.0,0.0
867,2024-11-06,175.2299957275,176.9900054932,166.9700012207,168.5500030518,6099600,0.0,0.0
868,2024-11-07,230.0,257.4299926758,228.1000061035,246.5299987793,18592800,0.0,0.0
869,2024-11-08,249.0899963379,292.8599853516,243.25,290.0100097656,15031900,0.0,0.0
870,2024-11-11,291.1199951172,292.049987793,263.2600097656,286.4299926758,10199300,0.0,0.0
871,2024-11-12,281.0,291.3200073242,277.3200073242,289.0299987793,6234700,0.0,0.0
872,2024-11-13,290.0,291.449005127,278.1900024414,283.9599914551,4750300,0.0,0.0
873,2024-11-14,284.5700073242,302.549987793,283.0350036621,284.4899902344,7161900,0.0,0.0
874,2024-11-15,280.5,292.049987793,277.5,291.0899963379,24367500,0.0,0.0
875,2024-11-18,293.1000061035,302.3999938965,287.2399902344,298.0,5367300,0.0,0.0
876,2024-11-19,295.2799987793,323.5899963379,293.6099853516,321.1900024414,5599000,0.0,0.0
877,2024-11-20,327.6600036621,342.5069885254,319.5199890137,325.2200012207,7107500,0.0,0.0
878,2024-11-21,325.6199951172,329.1900024414,307.700012207,318.2399902344,8502500,0.0,0.0
879,2024-11-22,309.0,335.3900146484,303.5,333.3099975586,6876400,0.0,0.0
880,2024-11-25,344.0,344.7699890137,317.8599853516,319.5899963379,8052300,0.0,0.0
881,2024-11-26,324.4599914551,334.7399902344,320.3699951172,329.7699890137,4442200,0.0,0.0
882,2024-11-27,325.1549987793,329.3599853516,309.3200073242,328.5599975586,4854000,0.0,0.0
883,2024-11-29,332.5,343.75,331.808013916,336.75,2715200,0.0,0.0
884,2024-12-02,335.7850036621,347.6000061035,335.7850036621,340.5899963379,3805700,0.0,0.0
885,2024-12-03,338.0,372.5700073242,338.0,366.549987793,7364800,0.0,0.0
886,2024-12-04,373.0,384.5,368.0,373.700012207,5787200,0.0,0.0
887,2024-12-05,373.700012207,397.4700012207,370.3500061035,379.0700073242,6384100,0.0,0.0
888,2024-12-06,382.8800048828,417.6350097656,378.0,401.5,9922600,0.0,0.0
889,2024-12-09,370.0,379.8999938965,332.3500061035,342.5400085449,16231100,0.0,0.0
890,2024-12-10,342.1099853516,360.4599914551,319.5520019531,321.0599975586,9028300,0.0,0.0
891,2024-12-11,327.6000061035,339.1700134277,313.9299926758,338.2099914551,7055400,0.0,0.0
892,2024-12-12,336.200012207,340.6300048828,324.0,326.2099914551,4055400,0.0,0.0
893,2024-12-13,326.0,337.625,321.0,324.4700012207,4704100,0.0,0.0
894,2024-12-16,326.1600036621,350.0,326.0,343.9599914551,8308300,0.0,0.0
895,2024-12-17,340.5899963379,342.4700012207,320.4700012207,337.8900146484,6556400,0.0,0.0
896,2024-12-18,339.0199890137,344.0899963379,308.1300048828,313.0700073242,6826600,0.0,0.0
897,2024-12-19,315.3999938965,331.0,312.7099914551,318.7399902344,5507600,0.0,0.0
898,2024-12-20,313.200012207,343.200012207,311.1199951172,340.9899902344,8922500,0.0,0.0
899,2024-12-23,347.6050109863,350.200012207,331.5400085449,344.8200073242,2481700,0.0,0.0
900,2024-12-24,345.0,348.4800109863,341.3110046387,341.8299865723,1312400,0.0,0.0
901,2024-12-26,341.3500061035,350.2359924316,336.3500061035,346.7300109863,1825300,0.0,0.0
902,2024-12-27,345.0,345.049987793,326.6849975586,335.1700134277,2506500,0.0,0.0
903,2024-12-30,328.7300109863,341.2399902344,325.2099914551,335.3800048828,2291600,0.0,0.0
904,2024-12-31,332.0100097656,334.3500061035,318.7200012207,323.8299865723,2981700,0.0,0.0
905,2025-01-02,331.0599975586,342.407989502,316.25,341.7799987793,4883300,0.0,0.0
906,2025-01-03,341.4700012207,352.1700134277,336.7200012207,350.6499938965,4431800,0.0,0.0
907,2025-01-06,358.8800048828,362.450012207,346.0400085449,354.9299926758,3895700,0.0,0.0
908,2025-01-07,345.6799926758,347.0,313.6099853516,330.0050048828,6622400,0.0,0.0
909,2025-01-08,332.6099853516,340.5799865723,317.3599853516,329.200012207,3924200,0.0,0.0
910,2025-01-10,315.0,321.8399963379,308.200012207,318.4800109863,4238400,0.0,0.0
911,2025-01-13,310.0,317.7300109863,307.0679931641,315.6799926758,3809100,0.0,0.0
912,2025-01-14,324.5199890137,328.5,316.8200073242,321.0899963379,3227500,0.0,0.0
913,2025-01-15,335.0,342.3599853516,329.4049987793,335.0299987793,3825400,0.0,0.0
914,2025-01-16,333.7300109863,343.1799926758,331.6700134277,332.0100097656,2496200,0.0,0.0
915,2025-01-17,341.8200073242,347.3900146484,336.7699890137,342.3399963379,4175700,0.0,0.0
916,2025-01-21,349.0,354.9049987793,337.1199951172,338.3900146484,4919800,0.0,0.0
917,2025-01-22,345.0,371.7739868164,343.1799926758,361.7200012207,4582100,0.0,0.0
918,2025-01-23,354.1799926758,367.7850036621,352.4599914551,362.5199890137,3120100,0.0,0.0
919,2025-01-24,364.299987793,368.8500061035,360.6000061035,363.1000061035,2833400,0.0,0.0
920,2025-01-27,341.6600036621,350.5799865723,330.5400085449,343.0199890137,5825400,0.0,0.0
921,2025-01-28,347.6300048828,368.3800048828,342.0799865723,360.75,4522300,0.0,0.0
922,2025-01-29,360.0,370.6390075684,352.2200012207,366.3399963379,3346800,0.0,0.0
923,2025-01-30,377.9899902344,385.6600036621,357.0100097656,365.5100097656,4018500,0.0,0.0
924,2025-01-31,371.0400085449,379.0,364.5,369.5899963379,3357600,0.0,0.0
925,2025-02-03,353.5100097656,369.4800109863,349.2200012207,365.4400024414,3549600,0.0,0.0
926,2025-02-04,373.7699890137,390.6799926758,370.75,380.2600097656,5255600,0.0,0.0
927,2025-02-05,377.3699951172,378.6499938965,363.0100097656,368.2699890137,3978500,0.0,0.0
928,2025-02-06,369.5700073242,381.7900085449,365.6000061035,380.6300048828,3014500,0.0,0.0
929,2025-02-07,385.8800048828,393.6300048828,374.5799865723,375.7200012207,3119700,0.0,0.0
930,2025-02-10,387.200012207,396.6149902344,373.200012207,384.3999938965,4593700,0.0,0.0
931,2025-02-11,381.6000061035,383.3399963379,366.9599914551,375.25,4253900,0.0,0.0
932,2025-02-12,375.9299926758,390.2099914551,372.0029907227,380.3200073242,9393000,0.0,0.0
933,2025-02-13,499.3399963379,525.1500244141,449.0,471.6700134277,19398900,0.0,0.0
934,2025-02-14,473.5599975586,516.9899902344,462.799987793,510.1300048828,11344800,0.0,0.0
935,2025-02-18,514.0999755859,519.7899780273,487.9899902344,496.0,7330000,0.0,0.0
936,2025-02-19,502.7399902344,507.0,481.1199951172,494.1700134277,5052300,0.0,0.0
937,2025-02-20,488.9100036621,494.5400085449,427.1300048828,450.0100097656,11209300,0.0,0.0
938,2025-02-21,452.7699890137,456.7600097656,412.1849975586,415.3099975586,7658100,0.0,0.0
939,2025-02-24,411.8599853516,426.4899902344,395.0100097656,410.450012207,8103500,0.0,0.0
940,2025-02-25,406.700012207,406.700012207,367.1199951172,377.0599975586,11330300,0.0,0.0
941,2025-02-26,328.4700012207,343.1700134277,288.9150085449,331.0,31783300,0.0,0.0
942,2025-02-27,346.4400024414,349.9240112305,310.0,320.4899902344,11883600,0.0,0.0
943,2025-02-28,313.0,331.5599975586,306.1000061035,325.7399902344,9081100,0.0,0.0
944,2025-03-03,350.2399902344,359.700012207,332.0,337.3399963379,10950600,0.0,0.0
945,2025-03-04,324.0,341.0,307.5660095215,327.2300109863,9225400,0.0,0.0
946,2025-03-05,323.0,326.2739868164,310.5100097656,318.0,8121900,0.0,0.0
947,2025-03-06,305.7600097656,306.5,258.5140075684,259.6300048828,16161400,0.0,0.0
948,2025-03-07,256.1449890137,278.6000061035,247.5,270.4800109863,14594400,0.0,0.0
949,2025-03-07,256.1449890137,278.6000061035,247.5005950928,270.4800109863,14360612,0.0,0.0
950,2025-03-10,246.5299987793,255.6000061035,234.5599975586,238.0800018311,16674800,0.0,0.0
951,2025-03-11,239.8000030518,261.450012207,236.0,257.7600097656,12839900,0.0,0.0
952,2025-03-12,285.0,292.4299926758,261.0100097656,272.5899963379,12727200,0.0,0.0
953,2025-03-13,272.875,275.0,260.9299926758,272.0,7139700,0.0,0.0
954,2025-03-14,284.1799926758,298.0100097656,282.3900146484,292.8900146484,10054500,0.0,0.0
955,2025-03-14,284.1799926758,298.0,282.3999938965,292.8900146484,9807386,0.0,0.0
956,2025-03-17,297.7600097656,314.799987793,293.5100097656,306.8500061035,8862500,0.0,0.0
957,2025-03-18,299.5,302.0,275.7200012207,278.8399963379,8628000,0.0,0.0
958,2025-03-19,286.1950073242,300.200012207,277.5,297.0299987793,6915900,0.0,0.0
959,2025-03-20,293.8200073242,315.407989502,292.4049987793,306.7399902344,8386500,0.0,0.0
960,2025-03-21,301.049987793,315.2699890137,296.1300048828,314.0299987793,9497500,0.0,0.0
961,2025-03-21,302.0,315.1099853516,296.1300048828,314.0299987793,9490838,0.0,0.0
962,2025-03-24,328.0899963379,342.3800048828,323.5,339.7200012207,9112500,0.0,0.0
963,2025-03-25,341.0,352.0,332.0400085449,346.2900085449,7751900,0.0,0.0
964,2025-03-26,340.5,343.200012207,322.1000061035,327.6199951172,8294500,0.0,0.0
965,2025-03-27,322.049987793,326.0100097656,252.5099945068,261.700012207,20131500,0.0,0.0
966,2025-03-28,286.8099975586,286.9100036621,264.0700073242,272.3800048828,15455200,0.0,0.0
967,2025-03-28,286.8099975586,286.8099975586,264.0700073242,272.3800048828,15389928,0.0,0.0
968,2025-03-31,255.9299926758,268.3999938965,244.0,264.9700012207,10500800,0.0,0.0
969,2025-04-01,264.2200012207,284.799987793,257.0,282.700012207,7609300,0.0,0.0
970,2025-04-02,273.3299865723,299.7200012207,272.8999938965,290.3900146484,7252900,0.0,0.0
971,2025-04-03,264.5199890137,268.0,249.0800018311,261.9800109863,8942900,0.0,0.0
972,2025-04-04,243.3800048828,245.9700012207,208.5099945068,219.3699951172,16808900,0.0,0.0
973,2025-04-04,243.3800048828,245.970199585,208.5099945068,219.3699951172,16737589,0.0,0.0
974,2025-04-07,203.7799987793,253.6100006104,200.5,232.2200012207,13573600,0.0,0.0
975,2025-04-08,255.0500030518,261.6069946289,227.1999969482,235.2799987793,10773800,0.0,0.0
976,2025-04-09,234.3099975586,280.9899902344,218.2870025635,274.9599914551,13042500,0.0,0.0
977,2025-04-10,270.0,278.4800109863,250.5099945068,263.8299865723,10348000,0.0,0.0
978,2025-04-11,258.2950134277,263.0,239.0,249.9499969482,8950900,0.0,0.0
979,2025-04-11,258.2950134277,262.9744873047,239.0,249.9499969482,8914221,0.0,0.0
980,2025-04-14,258.9400024414,262.0799865723,234.3899993896,236.0700073242,7428300,0.0,0.0
981,2025-04-15,235.6000061035,248.1799926758,230.5200042725,245.4700012207,6768400,0.0,0.0
982,2025-04-16,234.5249938965,241.9499969482,224.3999938965,229.8099975586,7291500,0.0,0.0
983,2025-04-17,231.3899993896,239.9499969482,226.1000061035,238.2200012207,5278600,0.0,0.0
984,2025-04-17,232.5800018311,239.9499969482,226.1000976563,238.2200012207,5075487,0.0,0.0
985,2025-04-17,232.5800018311,239.9499969482,226.1000976563,238.2200012207,5075487,0.0,0.0
986,2025-04-21,233.5299987793,238.4949951172,222.0200042725,228.1300048828,5771100,0.0,0.0
987,2025-04-22,232.0,243.5599975586,227.0500030518,237.7100067139,6217100,0.0,0.0
988,2025-04-23,255.5050048828,268.0,250.1000061035,252.3500061035,7295300,0.0,0.0
989,2025-04-24,253.7250061035,275.9200134277,252.0,267.8800048828,6754000,0.0,0.0
990,2025-04-25,272.299987793,278.8800048828,266.5050048828,276.8299865723,5766700,0.0,0.0
991,2025-04-25,272.1099853516,278.8800048828,266.5050048828,276.8299865723,5747469,0.0,0.0
992,2025-04-28,278.6400146484,286.8280029297,273.5,284.9800109863,6306800,0.0,0.0
993,2025-04-29,286.5,291.3900146484,281.2699890137,288.8800048828,4786000,0.0,0.0
994,2025-04-30,247.9100036621,273.8099975586,246.0,269.3099975586,9250900,0.0,0.0
995,2025-05-01,282.0,288.25,276.799987793,279.4899902344,5896200,0.0,0.0
996,2025-05-02,291.9899902344,309.342010498,286.8450012207,307.5799865723,6984400,0.0,0.0
997,2025-05-02,291.4299926758,309.342010498,286.8450012207,307.5799865723,6979859,0.0,0.0
